Game Date,Away Team,Away Record,Away Score,Home Team,Home Record,Home Score,Away 1st,Home 1st,YRFI
2025-03-27,Chicago Cubs,1-2,10.0,Arizona Diamondbacks,0-1,6.0,0.0,1.0,1
2025-03-27,Los Angeles Angels,0-1,1.0,Chicago White Sox,1-0,8.0,0.0,0.0,0
2025-03-27,San Francisco Giants,1-0,6.0,Cincinnati Reds,0-1,4.0,0.0,1.0,1
2025-03-27,New York Mets,0-1,1.0,Houston Astros,1-0,3.0,0.0,0.0,0
2025-03-27,Cleveland Guardians,1-0,7.0,Kansas City Royals,0-1,4.0,0.0,0.0,0
2025-03-27,Detroit Tigers,0-1,4.0,Los Angeles Dodgers,3-0,5.0,0.0,0.0,0
2025-03-27,Pittsburgh Pirates,0-1,4.0,Miami Marlins,1-0,5.0,0.0,0.0,0
2025-03-27,Milwaukee Brewers,0-1,2.0,New York Yankees,1-0,4.0,0.0,1.0,1
2025-03-27,Atlanta Braves,0-1,4.0,San Diego Padres,1-0,7.0,1.0,2.0,1
2025-03-27,Athletics,0-1,2.0,Seattle Mariners,1-0,4.0,0.0,0.0,0
2025-03-27,Minnesota Twins,0-1,3.0,St. Louis Cardinals,1-0,5.0,0.0,1.0,1
2025-03-27,Boston Red Sox,1-0,5.0,Texas Rangers,0-1,2.0,0.0,0.0,0
2025-03-27,Baltimore Orioles,1-0,12.0,Toronto Blue Jays,0-1,2.0,1.0,0.0,1
2025-03-27,Philadelphia Phillies,1-0,7.0,Washington Nationals,0-1,3.0,0.0,0.0,0
2025-03-28,Chicago Cubs,1-3,1.0,Arizona Diamondbacks,1-1,8.0,0.0,0.0,0
2025-03-28,New York Mets,1-1,3.0,Houston Astros,1-1,1.0,0.0,0.0,0
2025-03-28,Detroit Tigers,0-2,5.0,Los Angeles Dodgers,4-0,8.0,0.0,0.0,0
2025-03-28,Pittsburgh Pirates,1-1,4.0,Miami Marlins,1-1,3.0,0.0,0.0,0
2025-03-28,Atlanta Braves,0-2,3.0,San Diego Padres,2-0,4.0,0.0,1.0,1
2025-03-28,Athletics,1-1,7.0,Seattle Mariners,1-1,0.0,0.0,0.0,0
2025-03-28,Colorado Rockies,0-1,2.0,Tampa Bay Rays,1-0,3.0,0.0,0.0,0
2025-03-28,Boston Red Sox,1-1,1.0,Texas Rangers,1-1,4.0,0.0,0.0,0
2025-03-28,Baltimore Orioles,1-1,2.0,Toronto Blue Jays,1-1,8.0,0.0,0.0,0
2025-03-29,Chicago Cubs,2-3,4.0,Arizona Diamondbacks,1-2,3.0,0.0,0.0,0
2025-03-29,Los Angeles Angels,1-1,1.0,Chicago White Sox,1-1,0.0,0.0,0.0,0
2025-03-29,San Francisco Giants,1-1,2.0,Cincinnati Reds,1-1,3.0,0.0,0.0,0
2025-03-29,New York Mets,1-2,1.0,Houston Astros,2-1,2.0,0.0,0.0,0
2025-03-29,Cleveland Guardians,1-1,3.0,Kansas City Royals,1-1,4.0,0.0,0.0,0
2025-03-29,Detroit Tigers,0-3,3.0,Los Angeles Dodgers,5-0,7.0,2.0,1.0,1
2025-03-29,Pittsburgh Pirates,1-2,4.0,Miami Marlins,2-1,5.0,1.0,0.0,1
2025-03-29,Milwaukee Brewers,0-2,9.0,New York Yankees,2-0,20.0,0.0,4.0,1
2025-03-29,Atlanta Braves,0-3,0.0,San Diego Padres,3-0,1.0,0.0,0.0,0
2025-03-29,Athletics,2-1,4.0,Seattle Mariners,1-2,2.0,0.0,0.0,0
2025-03-29,Minnesota Twins,0-2,1.0,St. Louis Cardinals,2-0,5.0,0.0,1.0,1
2025-03-29,Colorado Rockies,1-1,2.0,Tampa Bay Rays,1-1,1.0,0.0,0.0,0
2025-03-29,Boston Red Sox,1-2,3.0,Texas Rangers,2-1,4.0,0.0,2.0,1
2025-03-29,Baltimore Orioles,2-1,9.0,Toronto Blue Jays,1-2,5.0,2.0,2.0,1
2025-03-29,Philadelphia Phillies,2-0,11.0,Washington Nationals,0-2,6.0,0.0,0.0,0
2025-03-30,Chicago Cubs,2-4,6.0,Arizona Diamondbacks,2-2,10.0,0.0,0.0,0
2025-03-30,Los Angeles Angels,2-1,3.0,Chicago White Sox,1-2,2.0,2.0,2.0,1
2025-03-30,San Francisco Giants,2-1,6.0,Cincinnati Reds,1-2,3.0,0.0,0.0,0
2025-03-30,Cleveland Guardians,2-1,6.0,Kansas City Royals,1-2,2.0,0.0,0.0,0
2025-03-30,Pittsburgh Pirates,1-3,2.0,Miami Marlins,3-1,3.0,0.0,0.0,0
2025-03-30,Milwaukee Brewers,0-3,3.0,New York Yankees,3-0,12.0,1.0,2.0,1
2025-03-30,Atlanta Braves,0-4,0.0,San Diego Padres,4-0,5.0,0.0,1.0,1
2025-03-30,Athletics,2-2,1.0,Seattle Mariners,2-2,2.0,0.0,0.0,0
2025-03-30,Minnesota Twins,0-3,2.0,St. Louis Cardinals,3-0,9.0,1.0,0.0,1
2025-03-30,Colorado Rockies,1-2,4.0,Tampa Bay Rays,2-1,6.0,0.0,2.0,1
2025-03-30,Boston Red Sox,1-3,2.0,Texas Rangers,3-1,3.0,0.0,0.0,0
2025-03-30,Baltimore Orioles,2-2,1.0,Toronto Blue Jays,2-2,3.0,1.0,2.0,1
2025-03-30,Philadelphia Phillies,2-1,1.0,Washington Nationals,1-2,5.0,0.0,0.0,0
2025-03-31,Chicago Cubs,3-4,18.0,Athletics,2-3,3.0,4.0,0.0,1
2025-03-31,Boston Red Sox,1-4,5.0,Baltimore Orioles,3-2,8.0,0.0,4.0,1
2025-03-31,Minnesota Twins,0-4,0.0,Chicago White Sox,2-2,9.0,0.0,3.0,1
2025-03-31,Texas Rangers,3-2,3.0,Cincinnati Reds,2-2,14.0,0.0,3.0,1
2025-03-31,San Francisco Giants,3-1,7.0,Houston Astros,2-2,2.0,0.0,0.0,0
2025-03-31,Atlanta Braves,0-5,1.0,Los Angeles Dodgers,6-0,6.0,0.0,2.0,1
2025-03-31,New York Mets,2-2,10.0,Miami Marlins,3-2,4.0,0.0,1.0,1
2025-03-31,Kansas City Royals,2-2,11.0,Milwaukee Brewers,0-4,1.0,3.0,0.0,1
2025-03-31,Colorado Rockies,1-3,1.0,Philadelphia Phillies,3-1,6.0,0.0,0.0,0
2025-03-31,Cleveland Guardians,2-2,2.0,San Diego Padres,5-0,7.0,1.0,0.0,1
2025-03-31,Detroit Tigers,1-3,9.0,Seattle Mariners,2-3,6.0,6.0,0.0,1
2025-03-31,Los Angeles Angels,3-1,5.0,St. Louis Cardinals,3-1,4.0,0.0,1.0,1
2025-03-31,Pittsburgh Pirates,1-4,1.0,Tampa Bay Rays,3-1,6.0,0.0,0.0,0
2025-03-31,Washington Nationals,1-3,2.0,Toronto Blue Jays,3-2,5.0,0.0,0.0,0
2025-04-01,Chicago Cubs,4-4,7.0,Athletics,2-4,4.0,3.0,2.0,1
2025-04-01,Minnesota Twins,1-4,8.0,Chicago White Sox,2-3,3.0,0.0,0.0,0
2025-04-01,Texas Rangers,4-2,1.0,Cincinnati Reds,2-3,0.0,1.0,0.0,1
2025-04-01,San Francisco Giants,4-1,3.0,Houston Astros,2-3,1.0,0.0,0.0,0
2025-04-01,Atlanta Braves,0-6,1.0,Los Angeles Dodgers,7-0,3.0,0.0,0.0,0
2025-04-01,New York Mets,2-3,2.0,Miami Marlins,4-2,4.0,0.0,2.0,1
2025-04-01,Kansas City Royals,2-3,0.0,Milwaukee Brewers,1-4,5.0,0.0,0.0,0
2025-04-01,Arizona Diamondbacks,3-2,7.0,New York Yankees,3-1,5.0,0.0,0.0,0
2025-04-01,Cleveland Guardians,2-3,0.0,San Diego Padres,6-0,7.0,0.0,0.0,0
2025-04-01,Detroit Tigers,2-3,4.0,Seattle Mariners,2-4,1.0,2.0,0.0,1
2025-04-01,Los Angeles Angels,4-1,9.0,St. Louis Cardinals,3-2,7.0,0.0,0.0,0
2025-04-01,Pittsburgh Pirates,1-5,0.0,Tampa Bay Rays,4-1,7.0,0.0,3.0,1
2025-04-01,Washington Nationals,1-4,3.0,Toronto Blue Jays,4-2,5.0,0.0,0.0,0
2025-04-02,Chicago Cubs,5-4,10.0,Athletics,2-5,2.0,0.0,0.0,0
2025-04-02,Boston Red Sox,2-4,3.0,Baltimore Orioles,3-3,0.0,0.0,0.0,0
2025-04-02,Minnesota Twins,2-4,6.0,Chicago White Sox,2-4,1.0,1.0,0.0,1
2025-04-02,Texas Rangers,5-2,1.0,Cincinnati Reds,2-4,0.0,0.0,0.0,0
2025-04-02,San Francisco Giants,5-1,6.0,Houston Astros,2-4,3.0,2.0,0.0,1
2025-04-02,Atlanta Braves,0-7,5.0,Los Angeles Dodgers,8-0,6.0,2.0,0.0,1
2025-04-02,New York Mets,3-3,6.0,Miami Marlins,4-3,5.0,1.0,0.0,1
2025-04-02,Kansas City Royals,2-4,2.0,Milwaukee Brewers,2-4,3.0,0.0,1.0,1
2025-04-02,Arizona Diamondbacks,4-2,4.0,New York Yankees,3-2,3.0,2.0,0.0,1
2025-04-02,Colorado Rockies,1-4,1.0,Philadelphia Phillies,4-1,5.0,0.0,0.0,0
2025-04-02,Cleveland Guardians,2-4,2.0,San Diego Padres,7-0,5.0,0.0,0.0,0
2025-04-02,Detroit Tigers,2-4,2.0,Seattle Mariners,3-4,3.0,0.0,0.0,0
2025-04-02,Los Angeles Angels,4-2,5.0,St. Louis Cardinals,4-2,12.0,1.0,0.0,1
2025-04-02,Pittsburgh Pirates,2-5,4.0,Tampa Bay Rays,4-2,2.0,0.0,0.0,0
2025-04-02,Washington Nationals,1-5,2.0,Toronto Blue Jays,5-2,4.0,0.0,1.0,1
2025-04-03,Boston Red Sox,3-4,8.0,Baltimore Orioles,3-4,4.0,2.0,1.0,1
2025-04-03,Cincinnati Reds,2-5,0.0,Milwaukee Brewers,3-4,1.0,0.0,0.0,0
2025-04-03,Houston Astros,3-4,5.0,Minnesota Twins,2-5,2.0,0.0,2.0,1
2025-04-03,Arizona Diamondbacks,4-3,7.0,New York Yankees,4-2,9.0,0.0,4.0,1
2025-04-03,Colorado Rockies,1-5,1.0,Philadelphia Phillies,5-1,3.0,0.0,0.0,0
2025-04-04,Miami Marlins,4-4,0.0,Atlanta Braves,1-7,10.0,0.0,0.0,0
2025-04-04,St. Louis Cardinals,4-3,9.0,Boston Red Sox,4-4,13.0,0.0,5.0,1
2025-04-04,San Diego Padres,7-1,1.0,Chicago Cubs,6-4,3.0,0.0,1.0,1
2025-04-04,Athletics,3-5,6.0,Colorado Rockies,1-6,3.0,1.0,1.0,1
2025-04-04,Chicago White Sox,2-5,4.0,Detroit Tigers,3-4,7.0,0.0,1.0,1
2025-04-04,Baltimore Orioles,3-5,2.0,Kansas City Royals,3-4,8.0,0.0,1.0,1
2025-04-04,Cleveland Guardians,3-4,8.0,Los Angeles Angels,4-3,6.0,1.0,1.0,1
2025-04-04,Cincinnati Reds,2-6,2.0,Milwaukee Brewers,4-4,3.0,0.0,0.0,0
2025-04-04,Toronto Blue Jays,5-3,0.0,New York Mets,4-3,5.0,0.0,2.0,1
2025-04-04,Los Angeles Dodgers,8-1,2.0,Philadelphia Phillies,6-1,3.0,0.0,1.0,1
2025-04-04,New York Yankees,5-2,9.0,Pittsburgh Pirates,2-6,4.0,0.0,0.0,0
2025-04-04,Seattle Mariners,3-5,9.0,San Francisco Giants,6-1,10.0,1.0,1.0,1
2025-04-04,Tampa Bay Rays,4-3,2.0,Texas Rangers,6-2,5.0,0.0,0.0,0
2025-04-04,Arizona Diamondbacks,5-3,6.0,Washington Nationals,1-6,4.0,1.0,3.0,1
2025-04-05,Miami Marlins,5-4,4.0,Atlanta Braves,1-8,0.0,2.0,0.0,1
2025-04-05,St. Louis Cardinals,9-11,,Boston Red Sox,11-10,,0.0,0.0,0
2025-04-05,San Diego Padres,7-2,1.0,Chicago Cubs,7-4,7.0,0.0,0.0,0
2025-04-05,Athletics,4-5,7.0,Colorado Rockies,1-7,4.0,0.0,0.0,0
2025-04-05,Chicago White Sox,2-6,2.0,Detroit Tigers,4-4,7.0,1.0,2.0,1
2025-04-05,Baltimore Orioles,4-5,8.0,Kansas City Royals,3-5,1.0,0.0,0.0,0
2025-04-05,Cleveland Guardians,3-5,4.0,Los Angeles Angels,5-3,10.0,1.0,3.0,1
2025-04-05,Cincinnati Reds,3-6,11.0,Milwaukee Brewers,4-5,7.0,1.0,0.0,1
2025-04-05,Houston Astros,3-5,1.0,Minnesota Twins,3-5,6.0,1.0,0.0,1
2025-04-05,Toronto Blue Jays,5-4,2.0,New York Mets,5-3,3.0,0.0,0.0,0
2025-04-05,Los Angeles Dodgers,9-1,3.0,Philadelphia Phillies,6-2,1.0,0.0,1.0,1
2025-04-05,New York Yankees,6-2,10.0,Pittsburgh Pirates,2-7,4.0,0.0,0.0,0
2025-04-05,Seattle Mariners,3-6,1.0,San Francisco Giants,7-1,4.0,0.0,0.0,0
2025-04-05,Tampa Bay Rays,4-4,4.0,Texas Rangers,7-2,6.0,0.0,4.0,1
2025-04-05,Arizona Diamondbacks,5-4,3.0,Washington Nationals,2-6,4.0,0.0,3.0,1
2025-04-06,Miami Marlins,8-11,,Atlanta Braves,6-13,,0.0,0.0,0
2025-04-06,St. Louis Cardinals,4-4,4.0,Boston Red Sox,5-4,5.0,0.0,0.0,0
2025-04-06,St. Louis Cardinals,4-5,7.0,Boston Red Sox,6-4,18.0,1.0,1.0,1
2025-04-06,San Diego Padres,8-2,8.0,Chicago Cubs,7-5,7.0,3.0,5.0,1
2025-04-06,Athletics,4-6,5.0,Colorado Rockies,2-7,12.0,2.0,2.0,1
2025-04-06,Chicago White Sox,2-7,3.0,Detroit Tigers,5-4,4.0,2.0,0.0,1
2025-04-06,Baltimore Orioles,4-6,1.0,Kansas City Royals,4-5,4.0,0.0,3.0,1
2025-04-06,Cleveland Guardians,3-6,2.0,Los Angeles Angels,6-3,6.0,1.0,0.0,1
2025-04-06,Cincinnati Reds,3-7,2.0,Milwaukee Brewers,5-5,8.0,0.0,0.0,0
2025-04-06,Houston Astros,4-5,9.0,Minnesota Twins,3-6,7.0,1.0,3.0,1
2025-04-06,Toronto Blue Jays,5-5,1.0,New York Mets,6-3,2.0,0.0,0.0,0
2025-04-06,Los Angeles Dodgers,9-2,7.0,Philadelphia Phillies,7-2,8.0,2.0,0.0,1
2025-04-06,New York Yankees,6-3,4.0,Pittsburgh Pirates,3-7,5.0,1.0,0.0,1
2025-04-06,Seattle Mariners,3-7,4.0,San Francisco Giants,8-1,5.0,1.0,0.0,1
2025-04-06,Tampa Bay Rays,4-5,3.0,Texas Rangers,8-2,4.0,0.0,0.0,0
2025-04-06,Arizona Diamondbacks,5-5,4.0,Washington Nationals,3-6,5.0,1.0,2.0,1
2025-04-07,Baltimore Orioles,5-6,5.0,Arizona Diamondbacks,5-6,1.0,1.0,0.0,1
2025-04-07,San Diego Padres,9-2,5.0,Athletics,4-7,4.0,3.0,0.0,1
2025-04-07,Toronto Blue Jays,6-5,6.0,Boston Red Sox,6-5,2.0,0.0,0.0,0
2025-04-07,Texas Rangers,8-3,0.0,Chicago Cubs,8-5,7.0,0.0,0.0,0
2025-04-07,New York Yankees,6-4,2.0,Detroit Tigers,6-4,6.0,0.0,0.0,0
2025-04-07,Minnesota Twins,3-7,2.0,Kansas City Royals,5-5,4.0,0.0,1.0,1
2025-04-07,Miami Marlins,5-5,0.0,New York Mets,7-3,2.0,0.0,0.0,0
2025-04-07,St. Louis Cardinals,4-6,4.0,Pittsburgh Pirates,4-7,8.0,0.0,1.0,1
2025-04-07,Cincinnati Reds,4-7,2.0,San Francisco Giants,8-2,0.0,0.0,0.0,0
2025-04-07,Houston Astros,4-6,3.0,Seattle Mariners,4-7,4.0,0.0,0.0,0
2025-04-07,Los Angeles Dodgers,9-3,4.0,Washington Nationals,4-6,6.0,0.0,0.0,0
2025-04-08,Baltimore Orioles,5-7,3.0,Arizona Diamondbacks,6-6,4.0,2.0,1.0,1
2025-04-08,San Diego Padres,9-3,4.0,Athletics,5-7,10.0,3.0,6.0,1
2025-04-08,Philadelphia Phillies,7-3,5.0,Atlanta Braves,2-8,7.0,1.0,0.0,1
2025-04-08,Toronto Blue Jays,7-5,6.0,Boston Red Sox,6-6,1.0,0.0,0.0,0
2025-04-08,Texas Rangers,8-4,6.0,Chicago Cubs,9-5,10.0,0.0,0.0,0
2025-04-08,Chicago White Sox,2-8,0.0,Cleveland Guardians,4-6,1.0,0.0,0.0,0
2025-04-08,Milwaukee Brewers,6-5,7.0,Colorado Rockies,2-8,1.0,0.0,0.0,0
2025-04-08,New York Yankees,6-5,0.0,Detroit Tigers,7-4,5.0,0.0,0.0,0
2025-04-08,Minnesota Twins,3-8,1.0,Kansas City Royals,6-5,2.0,0.0,0.0,0
2025-04-08,Miami Marlins,5-6,5.0,New York Mets,8-3,10.0,2.0,1.0,1
2025-04-08,St. Louis Cardinals,5-6,5.0,Pittsburgh Pirates,4-8,3.0,0.0,0.0,0
2025-04-08,Cincinnati Reds,5-7,1.0,San Francisco Giants,8-3,0.0,0.0,0.0,0
2025-04-08,Houston Astros,5-6,2.0,Seattle Mariners,4-8,1.0,0.0,0.0,0
2025-04-08,Los Angeles Angels,7-3,4.0,Tampa Bay Rays,4-6,3.0,0.0,0.0,0
2025-04-08,Los Angeles Dodgers,9-4,2.0,Washington Nationals,5-6,8.0,0.0,2.0,1
2025-04-09,Baltimore Orioles,5-8,0.0,Arizona Diamondbacks,7-6,9.0,0.0,1.0,1
2025-04-09,San Diego Padres,10-3,2.0,Athletics,5-8,1.0,0.0,0.0,0
2025-04-09,Philadelphia Phillies,8-3,4.0,Atlanta Braves,2-9,3.0,0.0,0.0,0
2025-04-09,Toronto Blue Jays,8-5,2.0,Boston Red Sox,6-7,1.0,1.0,1.0,1
2025-04-09,Texas Rangers,9-4,6.0,Chicago Cubs,9-6,2.0,1.0,0.0,1
2025-04-09,Chicago White Sox,2-9,2.0,Cleveland Guardians,5-6,3.0,1.0,2.0,1
2025-04-09,Milwaukee Brewers,7-5,17.0,Colorado Rockies,2-9,2.0,0.0,0.0,0
2025-04-09,New York Yankees,7-5,4.0,Detroit Tigers,7-5,3.0,0.0,0.0,0
2025-04-09,Minnesota Twins,4-8,4.0,Kansas City Royals,6-6,0.0,0.0,0.0,0
2025-04-09,Miami Marlins,6-6,5.0,New York Mets,8-4,0.0,0.0,0.0,0
2025-04-09,St. Louis Cardinals,5-7,1.0,Pittsburgh Pirates,5-8,2.0,0.0,0.0,0
2025-04-09,Cincinnati Reds,5-8,6.0,San Francisco Giants,9-3,8.0,0.0,0.0,0
2025-04-09,Houston Astros,5-7,6.0,Seattle Mariners,5-8,7.0,0.0,0.0,0
2025-04-09,Los Angeles Angels,7-4,4.0,Tampa Bay Rays,5-6,5.0,0.0,4.0,1
2025-04-09,Los Angeles Dodgers,10-4,6.0,Washington Nationals,5-7,5.0,4.0,3.0,1
2025-04-10,Philadelphia Phillies,8-4,2.0,Atlanta Braves,3-9,4.0,0.0,1.0,1
2025-04-10,Toronto Blue Jays,8-6,3.0,Boston Red Sox,7-7,4.0,0.0,0.0,0
2025-04-10,Chicago White Sox,2-10,1.0,Cleveland Guardians,6-6,6.0,1.0,2.0,1
2025-04-10,Milwaukee Brewers,7-6,2.0,Colorado Rockies,3-9,7.0,0.0,1.0,1
2025-04-10,Minnesota Twins,4-9,2.0,Kansas City Royals,7-6,3.0,0.0,1.0,1
2025-04-10,Los Angeles Angels,8-4,11.0,Tampa Bay Rays,5-7,1.0,1.0,0.0,1
2025-04-11,Milwaukee Brewers,8-6,7.0,Arizona Diamondbacks,7-7,0.0,0.0,0.0,0
2025-04-11,New York Mets,9-4,7.0,Athletics,5-9,6.0,0.0,0.0,0
2025-04-11,Toronto Blue Jays,12-8,,Baltimore Orioles,8-11,,0.0,0.0,0
2025-04-11,Boston Red Sox,7-8,1.0,Chicago White Sox,3-10,11.0,0.0,0.0,0
2025-04-11,Pittsburgh Pirates,5-9,3.0,Cincinnati Reds,6-8,5.0,0.0,3.0,1
2025-04-11,Kansas City Royals,7-7,0.0,Cleveland Guardians,7-6,7.0,0.0,0.0,0
2025-04-11,Los Angeles Angels,8-5,3.0,Houston Astros,6-7,14.0,0.0,0.0,0
2025-04-11,Chicago Cubs,9-7,0.0,Los Angeles Dodgers,11-4,3.0,0.0,0.0,0
2025-04-11,Washington Nationals,6-7,7.0,Miami Marlins,6-7,4.0,0.0,0.0,0
2025-04-11,Detroit Tigers,8-5,7.0,Minnesota Twins,4-10,6.0,0.0,0.0,0
2025-04-11,San Francisco Giants,10-3,9.0,New York Yankees,7-6,1.0,5.0,0.0,1
2025-04-11,Colorado Rockies,3-10,0.0,San Diego Padres,11-3,8.0,0.0,0.0,0
2025-04-11,Texas Rangers,9-5,3.0,Seattle Mariners,6-8,5.0,0.0,1.0,1
2025-04-11,Philadelphia Phillies,8-5,0.0,St. Louis Cardinals,6-7,2.0,0.0,0.0,0
2025-04-11,Atlanta Braves,3-10,3.0,Tampa Bay Rays,6-7,6.0,1.0,0.0,1
2025-04-12,Milwaukee Brewers,8-7,4.0,Arizona Diamondbacks,8-7,5.0,0.0,0.0,0
2025-04-12,New York Mets,9-5,1.0,Athletics,6-9,3.0,0.0,0.0,0
2025-04-12,Toronto Blue Jays,8-7,4.0,Baltimore Orioles,6-8,5.0,1.0,0.0,1
2025-04-12,Boston Red Sox,7-9,2.0,Chicago White Sox,4-10,3.0,0.0,0.0,0
2025-04-12,Pittsburgh Pirates,5-10,2.0,Cincinnati Reds,7-8,5.0,0.0,0.0,0
2025-04-12,Kansas City Royals,7-8,3.0,Cleveland Guardians,8-6,6.0,0.0,0.0,0
2025-04-12,Los Angeles Angels,9-5,4.0,Houston Astros,6-8,1.0,2.0,0.0,1
2025-04-12,Chicago Cubs,10-7,16.0,Los Angeles Dodgers,11-5,0.0,0.0,0.0,0
2025-04-12,Washington Nationals,6-8,6.0,Miami Marlins,7-7,7.0,0.0,0.0,0
2025-04-12,Detroit Tigers,9-5,4.0,Minnesota Twins,4-11,0.0,1.0,0.0,1
2025-04-12,San Francisco Giants,10-4,4.0,New York Yankees,8-6,8.0,0.0,2.0,1
2025-04-12,Colorado Rockies,3-11,0.0,San Diego Padres,12-3,2.0,0.0,1.0,1
2025-04-12,Texas Rangers,9-6,2.0,Seattle Mariners,7-8,9.0,1.0,0.0,1
2025-04-12,Philadelphia Phillies,9-5,4.0,St. Louis Cardinals,6-8,1.0,2.0,0.0,1
2025-04-12,Atlanta Braves,4-10,5.0,Tampa Bay Rays,6-8,4.0,0.0,1.0,1
2025-04-13,Milwaukee Brewers,8-8,2.0,Arizona Diamondbacks,9-7,5.0,2.0,0.0,1
2025-04-13,New York Mets,10-5,8.0,Athletics,6-10,0.0,0.0,0.0,0
2025-04-13,Toronto Blue Jays,9-7,7.0,Baltimore Orioles,6-9,6.0,0.0,1.0,1
2025-04-13,Boston Red Sox,8-9,3.0,Chicago White Sox,4-11,1.0,0.0,0.0,0
2025-04-13,Pittsburgh Pirates,5-11,0.0,Cincinnati Reds,8-8,4.0,0.0,0.0,0
2025-04-13,Kansas City Royals,8-8,4.0,Cleveland Guardians,8-7,2.0,0.0,0.0,0
2025-04-13,Los Angeles Angels,9-6,3.0,Houston Astros,7-8,7.0,1.0,0.0,1
2025-04-13,Chicago Cubs,11-7,4.0,Los Angeles Dodgers,11-6,2.0,0.0,0.0,0
2025-04-13,Washington Nationals,6-9,4.0,Miami Marlins,8-7,11.0,0.0,0.0,0
2025-04-13,Detroit Tigers,9-6,1.0,Minnesota Twins,5-11,5.0,0.0,1.0,1
2025-04-13,San Francisco Giants,11-4,5.0,New York Yankees,8-7,4.0,0.0,1.0,1
2025-04-13,Colorado Rockies,3-12,0.0,San Diego Padres,13-3,6.0,0.0,4.0,1
2025-04-13,Texas Rangers,9-7,1.0,Seattle Mariners,8-8,3.0,0.0,2.0,1
2025-04-13,Philadelphia Phillies,9-6,0.0,St. Louis Cardinals,7-8,7.0,0.0,0.0,0
2025-04-13,Atlanta Braves,4-11,3.0,Tampa Bay Rays,7-8,8.0,0.0,2.0,1
2025-04-14,Colorado Rockies,3-13,3.0,Los Angeles Dodgers,12-6,5.0,0.0,2.0,1
2025-04-14,Detroit Tigers,10-6,9.0,Milwaukee Brewers,8-9,1.0,2.0,0.0,1
2025-04-14,New York Mets,11-5,5.0,Minnesota Twins,5-12,1.0,0.0,0.0,0
2025-04-14,Kansas City Royals,8-9,1.0,New York Yankees,9-7,4.0,0.0,0.0,0
2025-04-14,San Francisco Giants,12-4,10.0,Philadelphia Phillies,9-7,4.0,0.0,3.0,1
2025-04-14,Washington Nationals,6-10,3.0,Pittsburgh Pirates,6-11,10.0,0.0,1.0,1
2025-04-14,Chicago Cubs,11-8,4.0,San Diego Padres,14-3,10.0,0.0,0.0,0
2025-04-14,Houston Astros,7-9,3.0,St. Louis Cardinals,8-8,8.0,0.0,0.0,0
2025-04-14,Boston Red Sox,8-10,1.0,Tampa Bay Rays,8-8,16.0,0.0,1.0,1
2025-04-14,Atlanta Braves,5-11,8.0,Toronto Blue Jays,9-8,4.0,2.0,0.0,1
2025-04-15,Cleveland Guardians,9-7,6.0,Baltimore Orioles,6-10,3.0,0.0,0.0,0
2025-04-15,Athletics,7-10,12.0,Chicago White Sox,4-12,3.0,3.0,3.0,1
2025-04-15,Seattle Mariners,8-9,4.0,Cincinnati Reds,9-8,8.0,1.0,0.0,1
2025-04-15,Colorado Rockies,3-14,2.0,Los Angeles Dodgers,13-6,6.0,0.0,0.0,0
2025-04-15,Arizona Diamondbacks,10-7,10.0,Miami Marlins,8-8,4.0,0.0,0.0,0
2025-04-15,Detroit Tigers,10-7,0.0,Milwaukee Brewers,9-9,5.0,0.0,0.0,0
2025-04-15,New York Mets,11-6,3.0,Minnesota Twins,6-12,6.0,1.0,0.0,1
2025-04-15,Kansas City Royals,8-10,2.0,New York Yankees,10-7,4.0,0.0,0.0,0
2025-04-15,San Francisco Giants,12-5,4.0,Philadelphia Phillies,10-7,6.0,0.0,0.0,0
2025-04-15,Washington Nationals,7-10,3.0,Pittsburgh Pirates,6-12,0.0,1.0,0.0,1
2025-04-15,Chicago Cubs,12-8,2.0,San Diego Padres,14-4,1.0,0.0,0.0,0
2025-04-15,Houston Astros,8-9,2.0,St. Louis Cardinals,8-9,0.0,0.0,0.0,0
2025-04-15,Boston Red Sox,9-10,7.0,Tampa Bay Rays,8-9,4.0,1.0,0.0,1
2025-04-15,Los Angeles Angels,9-7,0.0,Texas Rangers,10-7,4.0,0.0,0.0,0
2025-04-15,Atlanta Braves,5-12,3.0,Toronto Blue Jays,10-8,6.0,1.0,0.0,1
2025-04-16,Cleveland Guardians,9-8,1.0,Baltimore Orioles,7-10,9.0,0.0,0.0,0
2025-04-16,Athletics,8-10,3.0,Chicago White Sox,4-13,1.0,0.0,0.0,0
2025-04-16,Seattle Mariners,9-9,5.0,Cincinnati Reds,9-9,3.0,1.0,0.0,1
2025-04-16,Colorado Rockies,3-15,7.0,Los Angeles Dodgers,14-6,8.0,1.0,7.0,1
2025-04-16,Arizona Diamondbacks,11-7,6.0,Miami Marlins,8-9,2.0,0.0,0.0,0
2025-04-16,Detroit Tigers,10-8,1.0,Milwaukee Brewers,10-9,5.0,0.0,0.0,0
2025-04-16,New York Mets,11-7,3.0,Minnesota Twins,7-12,4.0,0.0,0.0,0
2025-04-16,Kansas City Royals,8-11,3.0,New York Yankees,11-7,4.0,1.0,0.0,1
2025-04-16,San Francisco Giants,13-5,11.0,Philadelphia Phillies,10-8,4.0,4.0,2.0,1
2025-04-16,Washington Nationals,7-11,1.0,Pittsburgh Pirates,7-12,6.0,0.0,0.0,0
2025-04-16,Chicago Cubs,12-9,2.0,San Diego Padres,15-4,4.0,0.0,0.0,0
2025-04-16,Houston Astros,8-10,1.0,St. Louis Cardinals,9-9,4.0,1.0,0.0,1
2025-04-16,Boston Red Sox,10-10,1.0,Tampa Bay Rays,8-10,0.0,0.0,0.0,0
2025-04-16,Los Angeles Angels,9-8,1.0,Texas Rangers,11-7,3.0,0.0,0.0,0
2025-04-16,Atlanta Braves,5-13,1.0,Toronto Blue Jays,11-8,3.0,0.0,0.0,0
2025-04-17,Cleveland Guardians,9-9,2.0,Baltimore Orioles,8-10,6.0,0.0,1.0,1
2025-04-17,Athletics,9-10,8.0,Chicago White Sox,4-14,0.0,1.0,0.0,1
2025-04-17,Seattle Mariners,10-9,11.0,Cincinnati Reds,9-10,7.0,0.0,2.0,1
2025-04-17,Kansas City Royals,8-12,1.0,Detroit Tigers,11-8,6.0,0.0,0.0,0
2025-04-17,Arizona Diamondbacks,12-7,6.0,Miami Marlins,8-10,4.0,2.0,1.0,1
2025-04-17,St. Louis Cardinals,9-10,1.0,New York Mets,12-7,4.0,0.0,0.0,0
2025-04-17,San Francisco Giants,13-6,4.0,Philadelphia Phillies,11-8,6.0,1.0,5.0,1
2025-04-17,Washington Nationals,7-12,0.0,Pittsburgh Pirates,8-12,1.0,0.0,1.0,1
2025-04-17,New York Yankees,12-7,6.0,Tampa Bay Rays,8-11,3.0,1.0,0.0,1
2025-04-17,Los Angeles Angels,9-9,3.0,Texas Rangers,12-7,5.0,1.0,1.0,1
2025-04-18,Minnesota Twins,7-13,4,Atlanta Braves,6-13,6,0.0,0.0,0
2025-04-18,Cincinnati Reds,10-10,8,Baltimore Orioles,8-11,3,0.0,0.0,0
2025-04-18,Chicago White Sox,4-15,3,Boston Red Sox,11-10,10,0.0,3.0,1
2025-04-18,Arizona Diamondbacks,12-8,11,Chicago Cubs,13-9,13,0.0,0.0,0
2025-04-18,Washington Nationals,7-12,,Colorado Rockies,3-15,,0.0,0.0,0
2025-04-18,Kansas City Royals,8-13,3,Detroit Tigers,12-8,7,1.0,0.0,1
2025-04-18,San Diego Padres,15-5,4,Houston Astros,9-10,6,0.0,0.0,0
2025-04-18,San Francisco Giants,13-7,0,Los Angeles Angels,10-9,2,0.0,0.0,0
2025-04-18,Athletics,9-11,3,Milwaukee Brewers,11-9,5,0.0,0.0,0
2025-04-18,St. Louis Cardinals,9-11,4,New York Mets,13-7,5,0.0,0.0,0
2025-04-18,Miami Marlins,8-11,2,Philadelphia Phillies,12-8,7,0.0,2.0,1
2025-04-18,Cleveland Guardians,10-9,10,Pittsburgh Pirates,8-13,7,0.0,1.0,1
2025-04-18,New York Yankees,13-7,1,Tampa Bay Rays,8-12,0,0.0,0.0,0
2025-04-18,Los Angeles Dodgers,15-6,3,Texas Rangers,12-8,0,1.0,0.0,1
2025-04-18,Seattle Mariners,10-10,1,Toronto Blue Jays,12-8,3,0.0,1.0,1
2025-04-19,Cincinnati Reds,10-10,3,Baltimore Orioles,8-11,3,1.0,2.0,1
2025-04-19,Chicago White Sox,4-15,0,Boston Red Sox,11-10,0,0.0,0.0,0
2025-04-19,Arizona Diamondbacks,12-9,2,Chicago Cubs,14-9,6,1.0,2.0,1
2025-04-19,Washington Nationals,7-12,3,Colorado Rockies,3-15,2,0.0,0.0,0
2025-04-19,Kansas City Royals,8-14,1,Detroit Tigers,13-8,3,0.0,0.0,0
2025-04-19,St. Louis Cardinals,9-11,0,New York Mets,13-7,2,0.0,0.0,0
2025-04-19,Miami Marlins,8-12,10,Philadelphia Phillies,13-8,11,0.0,0.0,0
2025-04-19,Cleveland Guardians,10-9,1,Pittsburgh Pirates,8-13,0,0.0,0.0,0
2025-04-19,New York Yankees,13-7,3,Tampa Bay Rays,8-12,0,2.0,0.0,1
2025-04-19,Los Angeles Dodgers,15-6,3,Texas Rangers,12-8,2,0.0,0.0,0
2025-04-19,Seattle Mariners,10-10,2,Toronto Blue Jays,12-8,2,0.0,1.0,1
