,"Thu 3/27","Fri 3/28","Sat 3/29","Sun 3/30","Mon 3/31","Tue 4/1","Wed 4/2","Thu 4/3","Fri 4/4","Sat 4/5","Sun 4/6","Mon 4/7","Tue 4/8","Wed 4/9","Thu 4/10","Fri 4/11","Sat 4/12","Sun 4/13","Mon 4/14","Tue 4/15","Wed 4/16","Thu 4/17","Fri 4/18","Sat 4/19","Sun 4/20","Mon 4/21","Tue 4/22","Wed 4/23"
ARI,"Z. Gallen (R)","M. Kelly (R)","B. Pfaadt (R)","E. Rodriguez (L)","OFF DAY","C. Burnes (R)","Z. Gallen (R)","M. Kelly (R)","B. Pfaadt (R)","E. Rodriguez (L)","C. Burnes (R)","Z. Gallen (R)","M. Kelly (R)","B. Pfaadt (R)","OFF DAY","E. Rodriguez (L)","C. Burnes (R)","Z. Gallen (R)","OFF DAY","M. Kelly (R)","B. Pfaadt (R)","E. Rodriguez (L)","C. Burnes (R)","Z. Gallen (R)","M. Kelly (R)","OFF DAY","B. Pfaadt (R)","E. Rodriguez (L)"
game,"L6-10 vs CHC","W8-1 vs CHC","L3-4 vs CHC","W10-6 vs CHC",,"W7-5 @ NYY","W4-3 @ NYY","L7-9 @ NYY","W6-4 @ WSH","L3-4 @ WSH","L4-5 @ WSH","L1-5 vs BAL","W4-3 vs BAL","W9-0 vs BAL",,"L0-7 vs MIL","W5-4 vs MIL","W5-2 vs MIL",,"W10-4 @ MIA","W6-2 @ MIA","W6-4 @ MIA","L11-13 @ CHC","L2-6 @ CHC","Sun 2:20pm @ CHC",,"Tue 9:40pm vs TB","Wed 9:40pm vs TB"
stats,"1-2 4.64 ERA","3-1 5.57 ERA","3-1 3.04 ERA","1-2 4.09 ERA",,"0-1 4.64 ERA","1-2 4.64 ERA","3-1 5.57 ERA","3-1 3.04 ERA","1-2 4.09 ERA","0-1 4.64 ERA","1-2 4.64 ERA","3-1 5.57 ERA","3-1 3.04 ERA",,"1-2 4.09 ERA","0-1 4.64 ERA","1-2 4.64 ERA",,"3-1 5.57 ERA","3-1 3.04 ERA","1-2 4.09 ERA","0-1 4.64 ERA","1-2 4.64 ERA","3-1 5.57 ERA",,"3-1 3.04 ERA","1-2 4.09 ERA"

ATH,"L. Severino (R)","J. Springs (L)","O. Bido (R)","J. Sears (L)","J. Estes (R)","L. Severino (R)","J. Springs (L)","OFF DAY","O. Bido (R)","J. Sears (L)","J. Estes (R)","L. Severino (R)","J. Springs (L)","O. Bido (R)","OFF DAY","J. Sears (L)","J. Ginn (R)","L. Severino (R)","OFF DAY","J. Springs (L)","O. Bido (R)","J. Sears (L)","J. Ginn (R)","L. Severino (R)","J. Springs (L)","OFF DAY","O. Bido (R)","J. Sears (L)"
game,"L2-4 @ SEA","W7-0 @ SEA","W4-2 @ SEA","L1-2 @ SEA","L3-18 vs CHC","L4-7 vs CHC","L2-10 vs CHC",,"W6-3 @ COL","W7-4 @ COL","L5-12 @ COL","L4-5 vs SD","W10-4 vs SD","L1-2 vs SD",,"L6-7 vs NYM","W3-1 vs NYM","L0-8 vs NYM",,"W12-3 @ CWS","W3-1 @ CWS","W8-0 @ CWS","L3-5 @ MIL","Sat 7:10pm @ MIL","Sun 2:10pm @ MIL",,"Tue 10:05pm vs TEX","Wed 10:05pm vs TEX"
stats,"0-3 4.01 ERA","3-1 4.50 ERA","2-1 2.61 ERA","2-2 3.13 ERA","0-2 15.43 ERA","0-3 4.01 ERA","3-1 4.50 ERA",,"2-1 2.61 ERA","2-2 3.13 ERA","0-2 15.43 ERA","0-3 4.01 ERA","3-1 4.50 ERA","2-1 2.61 ERA",,"2-2 3.13 ERA","1-1 3.60 ERA","0-3 4.01 ERA",,"3-1 4.50 ERA","2-1 2.61 ERA","2-2 3.13 ERA","1-1 3.60 ERA","0-3 4.01 ERA","3-1 4.50 ERA",,"2-1 2.61 ERA","2-2 3.13 ERA"

ATL,"C. Sale (L)","R. Lopez (R)","S. Schwellenbach (R)","A. Smith-Shawver (R)","G. Holmes (R)","C. Sale (L)","B. Elder (R)","OFF DAY","S. Schwellenbach (R)","A. Smith-Shawver (R)",POSTPONED,"OFF DAY","C. Sale (L)","G. Holmes (R)","S. Schwellenbach (R)","B. Elder (R)","A. Smith-Shawver (R)","C. Sale (L)","G. Holmes (R)","S. Schwellenbach (R)","S. Strider (R)","OFF DAY","B. Elder (R)","C. Sale (L)","G. Holmes (R)","S. Schwellenbach (R)","S. Strider (R)","B. Elder (R)"
game,"L4-7 @ SD","L3-4 @ SD","L0-1 @ SD","L0-5 @ SD","L1-6 @ LAD","L1-3 @ LAD","L5-6 @ LAD",,"W10-0 vs MIA","L0-4 vs MIA","Sun 1:35pm vs MIA",,"W7-5 vs PHI","L3-4 vs PHI","W4-2 vs PHI","L3-6 @ TB","W5-4 @ TB","L3-8 @ TB","W8-4 @ TOR","L3-6 @ TOR","L1-3 @ TOR",,"W6-4 vs MIN","Sat 7:15pm vs MIN","Sun 1:35pm vs MIN","Mon 7:15pm vs STL","Tue 7:15pm vs STL","Wed 12:15pm vs STL"
stats,"0-2 6.63 ERA","0-0 5.40 ERA","1-1 2.55 ERA","0-2 4.61 ERA","1-1 3.78 ERA","0-2 6.63 ERA","0-1 7.20 ERA",,"1-1 2.55 ERA","0-2 4.61 ERA",,,"0-2 6.63 ERA","1-1 3.78 ERA","1-1 2.55 ERA","0-1 7.20 ERA","0-2 4.61 ERA","0-2 6.63 ERA","1-1 3.78 ERA","1-1 2.55 ERA","0-1 3.60 ERA",,"0-1 7.20 ERA","0-2 6.63 ERA","1-1 3.78 ERA","1-1 2.55 ERA","0-1 3.60 ERA","0-1 7.20 ERA"

BAL,"Z. Eflin (R)","C. Morton (R)","D. Kremer (R)","T. Sugano (R)","C. Povich (L)","OFF DAY","Z. Eflin (R)","C. Morton (R)","D. Kremer (R)","T. Sugano (R)","C. Povich (L)","Z. Eflin (R)","C. Morton (R)","D. Kremer (R)","OFF DAY",POSTPONED,"T. Sugano (R)","C. Povich (L)","OFF DAY","C. Morton (R)","D. Kremer (R)","T. Sugano (R)","C. Povich (L)","B. Young (R)","C. Morton (R)","OFF DAY","D. Kremer (R)","T. Sugano (R)"
game,"W12-2 @ TOR","L2-8 @ TOR","W9-5 @ TOR","L1-3 @ TOR","W8-5 vs BOS",,"L0-3 vs BOS","L4-8 vs BOS","L2-8 @ KC","W8-1 @ KC","L1-4 @ KC","W5-1 @ ARI","L3-4 @ ARI","L0-9 @ ARI",,"Fri 7:05pm vs TOR","W5-4 vs TOR","L6-7 vs TOR",,"L3-6 vs CLE","W9-1 vs CLE","W6-2 vs CLE","L3-8 vs CIN","Sat 4:05pm vs CIN","Sun 1:35pm vs CIN",,"Tue 6:45pm @ WSH","Wed 6:45pm @ WSH"
stats,"2-1 3.00 ERA","0-4 8.84 ERA","2-2 6.41 ERA","2-1 3.43 ERA","0-2 6.38 ERA",,"2-1 3.00 ERA","0-4 8.84 ERA","2-2 6.41 ERA","2-1 3.43 ERA","0-2 6.38 ERA","2-1 3.00 ERA","0-4 8.84 ERA","2-2 6.41 ERA",,,"2-1 3.43 ERA","0-2 6.38 ERA",,"0-4 8.84 ERA","2-2 6.41 ERA","2-1 3.43 ERA","0-2 6.38 ERA","0-0 0.00 ERA","0-4 8.84 ERA",,"2-2 6.41 ERA","2-1 3.43 ERA"

BOS,"G. Crochet (L)","T. Houck (R)","W. Buehler (R)","R. Fitts (R)","S. Newcomb (L)","OFF DAY","G. Crochet (L)","T. Houck (R)","W. Buehler (R)",POSTPONED,"S. Newcomb (L)","R. Fitts (R)","G. Crochet (L)","T. Houck (R)","W. Buehler (R)","S. Newcomb (L)","R. Fitts (R)","G. Crochet (L)","T. Houck (R)","W. Buehler (R)","S. Newcomb (L)","OFF DAY","H. Dobbins (R)","G. Crochet (L)","T. Houck (R)","W. Buehler (R)","B. Bello (R)","S. Newcomb (L)"
game,"W5-2 @ TEX","L1-4 @ TEX","L3-4 @ TEX","L2-3 @ TEX","L5-8 @ BAL",,"W3-0 @ BAL","W8-4 @ BAL","W13-9 vs STL","Sat 4:10pm vs STL","W5-4 vs STL","L2-6 vs TOR","L1-6 vs TOR","L1-2 vs TOR","W4-3 vs TOR","L1-11 @ CWS","L2-3 @ CWS","W3-1 @ CWS","L1-16 @ TB","W7-4 @ TB","W1-0 @ TB",,"W10-3 vs CWS","Sat 4:10pm vs CWS","Sun 1:35pm vs CWS","Mon 11:10am vs CWS","Tue 6:45pm vs SEA","Wed 6:45pm vs SEA"
stats,"2-1 1.38 ERA","0-2 9.16 ERA","2-1 5.23 ERA","0-2 3.18 ERA","0-2 3.63 ERA",,"2-1 1.38 ERA","0-2 9.16 ERA","2-1 5.23 ERA",,"0-2 3.63 ERA","0-2 3.18 ERA","2-1 1.38 ERA","0-2 9.16 ERA","2-1 5.23 ERA","0-2 3.63 ERA","0-2 3.18 ERA","2-1 1.38 ERA","0-2 9.16 ERA","2-1 5.23 ERA","0-2 3.63 ERA",,"2-0 2.45 ERA","2-1 1.38 ERA","0-2 9.16 ERA","2-1 5.23 ERA","0-0 0.00 ERA","0-2 3.63 ERA"
BOS,---,---,---,---,---,---,---,---,---,---,"H. Dobbins (R)",---,---,---,---,---,---,---,---,---,---,---,---,---,---,---,---,---
game,,,,,,,,,,,"W18-7 vs STL",,,,,,,,,,,,,,,,,
stats,,,,,,,,,,,"2-0 2.45 ERA",,,,,,,,,,,,,,,,,

CHC,"J. Steele (L)","J. Taillon (R)","S. Imanaga (L)","M. Boyd (L)","B. Brown (R)","J. Steele (L)","J. Taillon (R)","OFF DAY","S. Imanaga (L)","M. Boyd (L)","B. Brown (R)","J. Steele (L)","J. Taillon (R)","S. Imanaga (L)","OFF DAY","M. Boyd (L)","B. Brown (R)","C. Rea (R)","J. Taillon (R)","S. Imanaga (L)","M. Boyd (L)","OFF DAY","C. Rea (R)","B. Brown (R)","J. Taillon (R)","OFF DAY","S. Imanaga (L)","M. Boyd (L)"
game,"W10-6 @ ARI","L1-8 @ ARI","W4-3 @ ARI","L6-10 @ ARI","W18-3 @ ATH","W7-4 @ ATH","W10-2 @ ATH",,"W3-1 vs SD","W7-1 vs SD","L7-8 vs SD","W7-0 vs TEX","W10-6 vs TEX","L2-6 vs TEX",,"L0-3 @ LAD","W16-0 @ LAD","W4-2 @ LAD","L4-10 @ SD","W2-1 @ SD","L2-4 @ SD",,"W13-11 vs ARI","W6-2 vs ARI","Sun 2:20pm vs ARI",,"Tue 7:40pm vs LAD","Wed 7:00pm vs LAD"
stats,"3-1 4.76 ERA","1-1 5.40 ERA","2-1 2.22 ERA","1-2 2.01 ERA","2-1 5.09 ERA","3-1 4.76 ERA","1-1 5.40 ERA",,"2-1 2.22 ERA","1-2 2.01 ERA","2-1 5.09 ERA","3-1 4.76 ERA","1-1 5.40 ERA","2-1 2.22 ERA",,"1-2 2.01 ERA","2-1 5.09 ERA","0-0 1.32 ERA","1-1 5.40 ERA","2-1 2.22 ERA","1-2 2.01 ERA",,"0-0 1.32 ERA","2-1 5.09 ERA","1-1 5.40 ERA",,"2-1 2.22 ERA","1-2 2.01 ERA"

CIN,"H. Greene (R)","OFF DAY","N. Lodolo (L)","N. Martinez (R)","B. Singer (R)","C. Spiers (R)","H. Greene (R)","N. Lodolo (L)","N. Martinez (R)","B. Singer (R)","C. Spiers (R)","H. Greene (R)","N. Lodolo (L)","N. Martinez (R)","OFF DAY","B. Singer (R)","A. Abbott (L)","H. Greene (R)","OFF DAY","N. Lodolo (L)","N. Martinez (R)","B. Singer (R)","A. Abbott (L)","H. Greene (R)","C. Spiers (R)","N. Lodolo (L)","N. Martinez (R)","B. Singer (R)"
game,"L4-6 vs SF",,"W3-2 vs SF","L3-6 vs SF","W14-3 vs TEX","L0-1 vs TEX","L0-1 vs TEX","L0-1 @ MIL","L2-3 @ MIL","W11-7 @ MIL","L2-8 @ MIL","W2-0 @ SF","W1-0 @ SF","L6-8 @ SF",,"W5-3 vs PIT","W5-2 vs PIT","W4-0 vs PIT",,"W8-4 vs SEA","L3-5 vs SEA","L7-11 vs SEA","W8-3 @ BAL","Sat 4:05pm @ BAL","Sun 1:35pm @ BAL","Mon 6:40pm @ MIA","Tue 6:40pm @ MIA","Wed 1:10pm @ MIA"
stats,"2-1 0.98 ERA",,"2-1 2.31 ERA","0-3 6.00 ERA","3-0 3.38 ERA","0-2 4.82 ERA","2-1 0.98 ERA","2-1 2.31 ERA","0-3 6.00 ERA","3-0 3.38 ERA","0-2 4.82 ERA","2-1 0.98 ERA","2-1 2.31 ERA","0-3 6.00 ERA",,"3-0 3.38 ERA","2-0 1.64 ERA","2-1 0.98 ERA",,"2-1 2.31 ERA","0-3 6.00 ERA","3-0 3.38 ERA","2-0 1.64 ERA","2-1 0.98 ERA","0-2 4.82 ERA","2-1 2.31 ERA","0-3 6.00 ERA","3-0 3.38 ERA"

CLE,"B. Lively (R)","OFF DAY","G. Williams (R)","T. Bibee (R)","L. Ortiz (R)","L. Allen (L)","B. Lively (R)","OFF DAY","G. Williams (R)","T. Bibee (R)","L. Ortiz (R)","OFF DAY","B. Lively (R)","L. Allen (L)","G. Williams (R)","T. Bibee (R)","L. Ortiz (R)","B. Lively (R)","OFF DAY","L. Allen (L)","G. Williams (R)","T. Bibee (R)","L. Ortiz (R)","B. Lively (R)","L. Allen (L)","G. Williams (R)","T. Bibee (R)","L. Ortiz (R)"
game,"W7-4 @ KC",,"L3-4 @ KC","W6-2 @ KC","L2-7 @ SD","L0-7 @ SD","L2-5 @ SD",,"W8-6 @ LAA","L4-10 @ LAA","L2-6 @ LAA",,"W1-0 vs CWS","W3-2 vs CWS","W6-1 vs CWS","W7-0 vs KC","W6-3 vs KC","L2-4 vs KC",,"W6-3 @ BAL","L1-9 @ BAL","L2-6 @ BAL","W10-7 @ PIT","Sat 4:05pm @ PIT","Sun 1:35pm @ PIT","Mon 6:10pm vs NYY","Tue 6:10pm vs NYY","Wed 1:10pm vs NYY"
stats,"0-2 4.87 ERA",,"1-1 4.58 ERA","1-2 5.85 ERA","2-2 5.48 ERA","1-1 2.30 ERA","0-2 4.87 ERA",,"1-1 4.58 ERA","1-2 5.85 ERA","2-2 5.48 ERA",,"0-2 4.87 ERA","1-1 2.30 ERA","1-1 4.58 ERA","1-2 5.85 ERA","2-2 5.48 ERA","0-2 4.87 ERA",,"1-1 2.30 ERA","1-1 4.58 ERA","1-2 5.85 ERA","2-2 5.48 ERA","0-2 4.87 ERA","1-1 2.30 ERA","1-1 4.58 ERA","1-2 5.85 ERA","2-2 5.48 ERA"

COL,"OFF DAY","K. Freeland (L)","A. Senzatela (R)","R. Feltner (R)","G. Marquez (R)","OFF DAY","K. Freeland (L)","A. Senzatela (R)","R. Feltner (R)","G. Marquez (R)","C. Dollander (R)","OFF DAY","K. Freeland (L)","A. Senzatela (R)","R. Feltner (R)","G. Marquez (R)","C. Dollander (R)","K. Freeland (L)","A. Senzatela (R)","R. Feltner (R)","G. Marquez (R)","OFF DAY",POSTPONED,"C. Dollander (R)","K. Freeland (L)","OFF DAY","R. Feltner (R)","G. Marquez (R)"
game,,"L2-3 @ TB","W2-1 @ TB","L4-6 @ TB","L1-6 @ PHI",,"L1-5 @ PHI","L1-3 @ PHI","L3-6 vs ATH","L4-7 vs ATH","W12-5 vs ATH",,"L1-7 vs MIL","L2-17 vs MIL","W7-2 vs MIL","L0-8 @ SD","L0-2 @ SD","L0-6 @ SD","L3-5 @ LAD","L2-6 @ LAD","L7-8 @ LAD",,"Fri 8:40pm vs WSH","Sat 4:10pm vs WSH","Sun 3:10pm vs WSH",,"Tue 7:40pm @ KC","Wed 7:40pm @ KC"
stats,,"0-3 4.88 ERA","0-3 5.89 ERA","0-1 4.82 ERA","0-3 8.27 ERA",,"0-3 4.88 ERA","0-3 5.89 ERA","0-1 4.82 ERA","0-3 8.27 ERA","1-1 5.06 ERA",,"0-3 4.88 ERA","0-3 5.89 ERA","0-1 4.82 ERA","0-3 8.27 ERA","1-1 5.06 ERA","0-3 4.88 ERA","0-3 5.89 ERA","0-1 4.82 ERA","0-3 8.27 ERA",,,"1-1 5.06 ERA","0-3 4.88 ERA",,"0-1 4.82 ERA","0-3 8.27 ERA"
COL,---,---,---,---,---,---,---,---,---,---,---,---,---,---,---,---,---,---,---,---,---,---,---,---,"A. Senzatela (R)",---,---,---
game,,,,,,,,,,,,,,,,,,,,,,,,,"Sun 8:10pm vs WSH",,,
stats,,,,,,,,,,,,,,,,,,,,,,,,,"0-3 5.89 ERA",,,

CWS,"S. Burke (R)","OFF DAY","J. Cannon (R)","D. Martin (R)","M. Perez (L)","S. Smith (R)","S. Burke (R)","OFF DAY","J. Cannon (R)","D. Martin (R)","M. Perez (L)","OFF DAY","S. Smith (R)","S. Burke (R)","J. Cannon (R)","D. Martin (R)","M. Perez (L)","S. Smith (R)","OFF DAY","S. Burke (R)","J. Cannon (R)","D. Martin (R)","M. Perez (L)","S. Smith (R)","S. Burke (R)","J. Cannon (R)","D. Martin (R)","J. Iriarte (R)"
game,"W8-1 vs LAA",,"L0-1 vs LAA","L2-3 vs LAA","W9-0 vs MIN","L3-8 vs MIN","L1-6 vs MIN",,"L4-7 @ DET","L2-7 @ DET","L3-4 @ DET",,"L0-1 @ CLE","L2-3 @ CLE","L1-6 @ CLE","W11-1 vs BOS","W3-2 vs BOS","L1-3 vs BOS",,"L3-12 vs ATH","L1-3 vs ATH","L0-8 vs ATH","L3-10 @ BOS","Sat 4:10pm @ BOS","Sun 1:35pm @ BOS","Mon 11:10am @ BOS","Tue 7:40pm @ MIN","Wed 7:40pm @ MIN"
stats,"1-3 7.56 ERA",,"0-2 4.42 ERA","1-2 4.84 ERA","1-1 3.15 ERA","0-1 2.04 ERA","1-3 7.56 ERA",,"0-2 4.42 ERA","1-2 4.84 ERA","1-1 3.15 ERA",,"0-1 2.04 ERA","1-3 7.56 ERA","0-2 4.42 ERA","1-2 4.84 ERA","1-1 3.15 ERA","0-1 2.04 ERA",,"1-3 7.56 ERA","0-2 4.42 ERA","1-2 4.84 ERA","1-1 3.15 ERA","0-1 2.04 ERA","1-3 7.56 ERA","0-2 4.42 ERA","1-2 4.84 ERA","0-0 0.00 ERA"

DET,"T. Skubal (L)","J. Flaherty (R)","R. Olson (R)","OFF DAY","J. Jobe (R)","C. Mize (R)","T. Skubal (L)","OFF DAY","J. Flaherty (R)","R. Olson (R)","J. Jobe (R)","C. Mize (R)","T. Skubal (L)","J. Flaherty (R)","OFF DAY","R. Olson (R)","J. Jobe (R)","C. Mize (R)","T. Skubal (L)","J. Flaherty (R)","K. Montero (R)","R. Olson (R)","J. Jobe (R)","C. Mize (R)","T. Skubal (L)","J. Flaherty (R)","K. Montero (R)","R. Olson (R)"
game,"L4-5 @ LAD","L5-8 @ LAD","L3-7 @ LAD",,"W9-6 @ SEA","W4-1 @ SEA","L2-3 @ SEA",,"W7-4 vs CWS","W7-2 vs CWS","W4-3 vs CWS","W6-2 vs NYY","W5-0 vs NYY","L3-4 vs NYY",,"W7-6 @ MIN","W4-0 @ MIN","L1-5 @ MIN","W9-1 @ MIL","L0-5 @ MIL","L1-5 @ MIL","W6-1 vs KC","W7-3 vs KC","W3-1 vs KC","Sun 1:40pm vs KC","Mon 6:40pm vs SD","Tue 6:40pm vs SD","Wed 1:10pm vs SD"
stats,"2-2 2.66 ERA","1-1 2.53 ERA","2-1 4.50 ERA",,"2-0 2.70 ERA","2-1 2.60 ERA","2-2 2.66 ERA",,"1-1 2.53 ERA","2-1 4.50 ERA","2-0 2.70 ERA","2-1 2.60 ERA","2-2 2.66 ERA","1-1 2.53 ERA",,"2-1 4.50 ERA","2-0 2.70 ERA","2-1 2.60 ERA","2-2 2.66 ERA","1-1 2.53 ERA","0-1 9.00 ERA","2-1 4.50 ERA","2-0 2.70 ERA","2-1 2.60 ERA","2-2 2.66 ERA","1-1 2.53 ERA","0-1 9.00 ERA","2-1 4.50 ERA"

HOU,"F. Valdez (L)","H. Brown (R)","S. Arrighetti (R)","OFF DAY","R. Blanco (R)","H. Wesneski (R)","F. Valdez (L)","H. Brown (R)","OFF DAY","S. Arrighetti (R)","R. Blanco (R)","H. Wesneski (R)","F. Valdez (L)","H. Brown (R)","OFF DAY","R. Blanco (R)","R. Gusto (R)","H. Wesneski (R)","F. Valdez (L)","H. Brown (R)","R. Blanco (R)","OFF DAY","R. Gusto (R)","H. Wesneski (R)","F. Valdez (L)","H. Brown (R)","R. Blanco (R)","R. Gusto (R)"
game,"W3-1 vs NYM","L1-3 vs NYM","W2-1 vs NYM",,"L2-7 vs SF","L1-3 vs SF","L3-6 vs SF","W5-2 @ MIN",,"L1-6 @ MIN","W9-7 @ MIN","L3-4 @ SEA","W2-1 @ SEA","L6-7 @ SEA",,"W14-3 vs LAA","L1-4 vs LAA","W7-3 vs LAA","L3-8 @ STL","W2-0 @ STL","L1-4 @ STL",,"W6-4 vs SD","Sat 7:10pm vs SD","Sun 7:10pm vs SD","Mon 8:10pm vs TOR","Tue 8:10pm vs TOR","Wed 7:40pm vs TOR"
stats,"1-2 4.91 ERA","2-1 1.50 ERA","1-1 5.59 ERA",,"1-2 6.48 ERA","1-1 4.00 ERA","1-2 4.91 ERA","2-1 1.50 ERA",,"1-1 5.59 ERA","1-2 6.48 ERA","1-1 4.00 ERA","1-2 4.91 ERA","2-1 1.50 ERA",,"1-2 6.48 ERA","2-1 3.18 ERA","1-1 4.00 ERA","1-2 4.91 ERA","2-1 1.50 ERA","1-2 6.48 ERA",,"2-1 3.18 ERA","1-1 4.00 ERA","1-2 4.91 ERA","2-1 1.50 ERA","1-2 6.48 ERA","2-1 3.18 ERA"

KC,"C. Ragans (L)","OFF DAY","S. Lugo (R)","M. Wacha (R)","K. Bubic (L)","M. Lorenzen (R)","C. Ragans (L)","OFF DAY","S. Lugo (R)","M. Wacha (R)","K. Bubic (L)","M. Lorenzen (R)","C. Ragans (L)","S. Lugo (R)","M. Wacha (R)","K. Bubic (L)","M. Lorenzen (R)","C. Ragans (L)","S. Lugo (R)","M. Wacha (R)","K. Bubic (L)","M. Lorenzen (R)","C. Ragans (L)","S. Lugo (R)","M. Wacha (R)","OFF DAY","K. Bubic (L)","M. Lorenzen (R)"
game,"L4-7 vs CLE",,"W4-3 vs CLE","L2-6 vs CLE","W11-1 @ MIL","L0-5 @ MIL","L2-3 @ MIL",,"W8-2 vs BAL","L1-8 vs BAL","W4-1 vs BAL","W4-2 vs MIN","W2-1 vs MIN","L0-4 vs MIN","W3-2 vs MIN","L0-7 @ CLE","L3-6 @ CLE","W4-2 @ CLE","L1-4 @ NYY","L2-4 @ NYY","L3-4 @ NYY","L1-6 @ DET","L3-7 @ DET","L1-3 @ DET","Sun 1:40pm @ DET",,"Tue 7:40pm vs COL","Wed 7:40pm vs COL"
stats,"1-1 3.58 ERA",,"1-2 3.86 ERA","0-3 4.35 ERA","2-1 1.88 ERA","1-3 4.57 ERA","1-1 3.58 ERA",,"1-2 3.86 ERA","0-3 4.35 ERA","2-1 1.88 ERA","1-3 4.57 ERA","1-1 3.58 ERA","1-2 3.86 ERA","0-3 4.35 ERA","2-1 1.88 ERA","1-3 4.57 ERA","1-1 3.58 ERA","1-2 3.86 ERA","0-3 4.35 ERA","2-1 1.88 ERA","1-3 4.57 ERA","1-1 3.58 ERA","1-2 3.86 ERA","0-3 4.35 ERA",,"2-1 1.88 ERA","1-3 4.57 ERA"

LAA,"Y. Kikuchi (L)","OFF DAY","J. Soriano (R)","J. Kochanowicz (R)","T. Anderson (L)","K. Hendricks (R)","Y. Kikuchi (L)","OFF DAY","J. Soriano (R)","J. Kochanowicz (R)","T. Anderson (L)","OFF DAY","K. Hendricks (R)","Y. Kikuchi (L)","J. Soriano (R)","J. Kochanowicz (R)","T. Anderson (L)","K. Hendricks (R)","OFF DAY","Y. Kikuchi (L)","J. Soriano (R)","J. Kochanowicz (R)","T. Anderson (L)","K. Hendricks (R)","Y. Kikuchi (L)","OFF DAY","J. Soriano (R)","J. Kochanowicz (R)"
game,"L1-8 @ CWS",,"W1-0 @ CWS","W3-2 @ CWS","W5-4 @ STL","W9-7 @ STL","L5-12 @ STL",,"L6-8 vs CLE","W10-4 vs CLE","W6-2 vs CLE",,"W4-3 @ TB","L4-5 @ TB","W11-1 @ TB","L3-14 @ HOU","W4-1 @ HOU","L3-7 @ HOU",,"L0-4 @ TEX","L1-3 @ TEX","L3-5 @ TEX","W2-0 vs SF","Sat 9:38pm vs SF","Sun 4:07pm vs SF",,"Tue 9:38pm vs PIT","Wed 9:38pm vs PIT"
stats,"0-3 4.13 ERA",,"2-2 3.16 ERA","1-2 6.20 ERA","2-0 2.08 ERA","0-1 4.20 ERA","0-3 4.13 ERA",,"2-2 3.16 ERA","1-2 6.20 ERA","2-0 2.08 ERA",,"0-1 4.20 ERA","0-3 4.13 ERA","2-2 3.16 ERA","1-2 6.20 ERA","2-0 2.08 ERA","0-1 4.20 ERA",,"0-3 4.13 ERA","2-2 3.16 ERA","1-2 6.20 ERA","2-0 2.08 ERA","0-1 4.20 ERA","0-3 4.13 ERA",,"2-2 3.16 ERA","1-2 6.20 ERA"

LAD,"B. Snell (L)","Y. Yamamoto (R)","R. Sasaki (R)","OFF DAY","T. Glasnow (R)","D. May (R)","B. Snell (L)","OFF DAY","Y. Yamamoto (R)","R. Sasaki (R)","T. Glasnow (R)","D. May (R)","J. Wrobleski (L)","L. Knack (R)","OFF DAY","Y. Yamamoto (R)","R. Sasaki (R)","T. Glasnow (R)","D. May (R)","L. Knack (R)","B. Miller (R)","OFF DAY","Y. Yamamoto (R)","R. Sasaki (R)","T. Glasnow (R)","OFF DAY","D. May (R)","M. Sauer (R)"
game,"W5-4 vs DET","W8-5 vs DET","W7-3 vs DET",,"W6-1 vs ATL","W3-1 vs ATL","W6-5 vs ATL",,"L2-3 @ PHI","W3-1 @ PHI","L7-8 @ PHI","L4-6 @ WSH","L2-8 @ WSH","W6-5 @ WSH",,"W3-0 vs CHC","L0-16 vs CHC","L2-4 vs CHC","W5-3 vs COL","W6-2 vs COL","W8-7 vs COL",,"W3-0 @ TEX","L3-4 @ TEX","Sun 2:35pm @ TEX",,"Tue 7:40pm @ CHC","Wed 7:00pm @ CHC"
stats,"1-0 2.00 ERA","3-1 0.93 ERA","0-1 3.29 ERA",,"1-0 4.85 ERA","1-1 1.06 ERA","1-0 2.00 ERA",,"3-1 0.93 ERA","0-1 3.29 ERA","1-0 4.85 ERA","1-1 1.06 ERA","0-1 14.40 ERA","1-0 7.27 ERA",,"3-1 0.93 ERA","0-1 3.29 ERA","1-0 4.85 ERA","1-1 1.06 ERA","1-0 7.27 ERA","0-0 18.00 ERA",,"3-1 0.93 ERA","0-1 3.29 ERA","1-0 4.85 ERA",,"1-1 1.06 ERA","0-0 5.40 ERA"

MIA,"S. Alcantara (R)","C. Gillispie (R)","V. Bellozo (R)","M. Meyer (R)","C. Quantrill (R)","S. Alcantara (R)","C. Gillispie (R)","OFF DAY","M. Meyer (R)","C. Quantrill (R)",POSTPONED,"V. Bellozo (R)","C. Gillispie (R)","M. Meyer (R)","OFF DAY","E. Cabrera (R)","S. Alcantara (R)","C. Quantrill (R)","OFF DAY","C. Gillispie (R)","M. Meyer (R)","E. Cabrera (R)","S. Alcantara (R)","C. Quantrill (R)","C. Gillispie (R)","M. Meyer (R)","E. Cabrera (R)","S. Alcantara (R)"
game,"W5-4 vs PIT","L3-4 vs PIT","W5-4 vs PIT","W3-2 vs PIT","L4-10 vs NYM","W4-2 vs NYM","L5-6 vs NYM",,"L0-10 @ ATL","W4-0 @ ATL","Sun 1:35pm @ ATL","L0-2 @ NYM","L5-10 @ NYM","W5-0 @ NYM",,"L4-7 vs WSH","W7-6 vs WSH","W11-4 vs WSH",,"L4-10 vs ARI","L2-6 vs ARI","L4-6 vs ARI","L2-7 @ PHI","L10-11 @ PHI","Sun 1:35pm @ PHI","Mon 6:40pm vs CIN","Tue 6:40pm vs CIN","Wed 1:10pm vs CIN"
stats,"2-1 7.27 ERA","0-2 6.63 ERA","0-1 2.25 ERA","1-2 2.63 ERA","1-1 5.79 ERA","2-1 7.27 ERA","0-2 6.63 ERA",,"1-2 2.63 ERA","1-1 5.79 ERA",,"0-1 2.25 ERA","0-2 6.63 ERA","1-2 2.63 ERA",,"0-1 6.52 ERA","2-1 7.27 ERA","1-1 5.79 ERA",,"0-2 6.63 ERA","1-2 2.63 ERA","0-1 6.52 ERA","2-1 7.27 ERA","1-1 5.79 ERA","0-2 6.63 ERA","1-2 2.63 ERA","0-1 6.52 ERA","2-1 7.27 ERA"

MIL,"F. Peralta (R)","OFF DAY","N. Cortes (L)","A. Civale (R)","E. Rodriguez (R)","C. Patrick (R)","F. Peralta (R)","N. Cortes (L)","T. Alexander (L)","E. Rodriguez (R)","C. Patrick (R)","OFF DAY","F. Peralta (R)","T. Alexander (L)","Q. Priester (R)","J. Quintana (L)","C. Patrick (R)","F. Peralta (R)","T. Alexander (L)","Q. Priester (R)","J. Quintana (L)","OFF DAY","F. Peralta (R)","C. Patrick (R)","L. Henderson (R)","Q. Priester (R)","J. Quintana (L)","F. Peralta (R)"
game,"L2-4 @ NYY",,"L9-20 @ NYY","L3-12 @ NYY","L1-11 vs KC","W5-0 vs KC","W3-2 vs KC","W1-0 vs CIN","W3-2 vs CIN","L7-11 vs CIN","W8-2 vs CIN",,"W7-1 @ COL","W17-2 @ COL","L2-7 @ COL","W7-0 @ ARI","L4-5 @ ARI","L2-5 @ ARI","L1-9 vs DET","W5-0 vs DET","W5-1 vs DET",,"W5-3 vs ATH","Sat 7:10pm vs ATH","Sun 2:10pm vs ATH","Mon 9:45pm @ SF","Tue 9:45pm @ SF","Wed 9:45pm @ SF"
stats,"2-1 1.91 ERA",,"1-1 9.00 ERA","0-1 15.00 ERA","0-2 7.53 ERA","1-0 1.76 ERA","2-1 1.91 ERA","1-1 9.00 ERA","1-1 4.32 ERA","0-2 7.53 ERA","1-0 1.76 ERA",,"2-1 1.91 ERA","1-1 4.32 ERA","1-0 0.90 ERA","2-0 0.71 ERA","1-0 1.76 ERA","2-1 1.91 ERA","1-1 4.32 ERA","1-0 0.90 ERA","2-0 0.71 ERA",,"2-1 1.91 ERA","1-0 1.76 ERA","0-0 0.00 ERA","1-0 0.90 ERA","2-0 0.71 ERA","2-1 1.91 ERA"

MIN,"P. Lopez (R)","OFF DAY","J. Ryan (R)","B. Ober (R)","C. Paddack (R)","S. Woods Richardson (R)","P. Lopez (R)","J. Ryan (R)","OFF DAY","B. Ober (R)","C. Paddack (R)","S. Woods Richardson (R)","P. Lopez (R)","J. Ryan (R)","B. Ober (R)","D. Festa (R)","C. Paddack (R)","S. Woods Richardson (R)","J. Ryan (R)","B. Ober (R)","D. Festa (R)","OFF DAY","C. Paddack (R)","J. Topa (R)","J. Ryan (R)","OFF DAY","B. Ober (R)","D. Festa (R)"
game,"L3-5 @ STL",,"L1-5 @ STL","L2-9 @ STL","L0-9 @ CWS","W8-3 @ CWS","W6-1 @ CWS","L2-5 vs HOU",,"W6-1 vs HOU","L7-9 vs HOU","L2-4 @ KC","L1-2 @ KC","W4-0 @ KC","L2-3 @ KC","L6-7 vs DET","L0-4 vs DET","W5-1 vs DET","L1-5 vs NYM","W6-3 vs NYM","W4-3 vs NYM",,"L4-6 @ ATL","Sat 7:15pm @ ATL","Sun 1:35pm @ ATL",,"Tue 7:40pm vs CWS","Wed 7:40pm vs CWS"
stats,"1-1 1.62 ERA",,"1-1 2.45 ERA","1-1 6.16 ERA","0-2 7.27 ERA","1-1 4.30 ERA","1-1 1.62 ERA","1-1 2.45 ERA",,"1-1 6.16 ERA","0-2 7.27 ERA","1-1 4.30 ERA","1-1 1.62 ERA","1-1 2.45 ERA","1-1 6.16 ERA","0-0 0.00 ERA","0-2 7.27 ERA","1-1 4.30 ERA","1-1 2.45 ERA","1-1 6.16 ERA","0-0 0.00 ERA",,"0-2 7.27 ERA","0-1 1.35 ERA","1-1 2.45 ERA",,"1-1 6.16 ERA","0-0 0.00 ERA"

NYM,"C. Holmes (R)","T. Megill (R)","G. Canning (R)","OFF DAY","D. Peterson (L)","K. Senga (R)","C. Holmes (R)","OFF DAY","T. Megill (R)","G. Canning (R)","D. Peterson (L)","K. Senga (R)","C. Holmes (R)","T. Megill (R)","OFF DAY","G. Canning (R)","D. Peterson (L)","K. Senga (R)","C. Holmes (R)","T. Megill (R)","H. Brazoban (R)","G. Canning (R)","D. Peterson (L)","K. Senga (R)","C. Holmes (R)","T. Megill (R)","G. Canning (R)","D. Peterson (L)"
game,"L1-3 @ HOU","W3-1 @ HOU","L1-2 @ HOU",,"W10-4 @ MIA","L2-4 @ MIA","W6-5 @ MIA",,"W5-0 vs TOR","W3-2 vs TOR","W2-1 vs TOR","W2-0 vs MIA","W10-5 vs MIA","L0-5 vs MIA",,"W7-6 @ ATH","L1-3 @ ATH","W8-0 @ ATH","W5-1 @ MIN","L3-6 @ MIN","L3-4 @ MIN","W4-1 vs STL","W5-4 vs STL","W3-0 vs STL","Sun 1:40pm vs STL","Mon 7:10pm vs PHI","Tue 7:10pm vs PHI","Wed 1:10pm vs PHI"
stats,"2-1 3.66 ERA","2-2 1.40 ERA","2-1 3.43 ERA",,"1-1 3.27 ERA","2-1 1.06 ERA","2-1 3.66 ERA",,"2-2 1.40 ERA","2-1 3.43 ERA","1-1 3.27 ERA","2-1 1.06 ERA","2-1 3.66 ERA","2-2 1.40 ERA",,"2-1 3.43 ERA","1-1 3.27 ERA","2-1 1.06 ERA","2-1 3.66 ERA","2-2 1.40 ERA","1-0 1.35 ERA","2-1 3.43 ERA","1-1 3.27 ERA","2-1 1.06 ERA","2-1 3.66 ERA","2-2 1.40 ERA","2-1 3.43 ERA","1-1 3.27 ERA"

NYY,"C. Rodon (L)","OFF DAY","M. Fried (L)","M. Stroman (R)","OFF DAY","W. Warren (R)","C. Rodon (L)","C. Carrasco (R)","M. Fried (L)","M. Stroman (R)","W. Warren (R)","C. Rodon (L)","C. Carrasco (R)","M. Fried (L)","OFF DAY","M. Stroman (R)","W. Warren (R)","C. Rodon (L)","C. Carrasco (R)","M. Fried (L)","C. Schmidt (R)","W. Warren (R)","C. Rodon (L)","C. Carrasco (R)","M. Fried (L)","C. Schmidt (R)","W. Warren (R)","C. Rodon (L)"
game,"W4-2 vs MIL",,"W20-9 vs MIL","W12-3 vs MIL",,"L5-7 vs ARI","L3-4 vs ARI","W9-7 vs ARI","W9-4 @ PIT","W10-4 @ PIT","L4-5 @ PIT","L2-6 @ DET","L0-5 @ DET","W4-3 @ DET",,"L1-9 vs SF","W8-4 vs SF","L4-5 vs SF","W4-1 vs KC","W4-2 vs KC","W4-3 vs KC","W6-3 @ TB","W1-0 @ TB","Sat 4:10pm @ TB","Sun 1:40pm @ TB","Mon 6:10pm @ CLE","Tue 6:10pm @ CLE","Wed 1:10pm @ CLE"
stats,"2-3 4.34 ERA",,"3-0 1.88 ERA","0-1 11.57 ERA",,"1-0 5.17 ERA","2-3 4.34 ERA","2-1 5.94 ERA","3-0 1.88 ERA","0-1 11.57 ERA","1-0 5.17 ERA","2-3 4.34 ERA","2-1 5.94 ERA","3-0 1.88 ERA",,"0-1 11.57 ERA","1-0 5.17 ERA","2-3 4.34 ERA","2-1 5.94 ERA","3-0 1.88 ERA","0-0 4.76 ERA","1-0 5.17 ERA","2-3 4.34 ERA","2-1 5.94 ERA","3-0 1.88 ERA","0-0 4.76 ERA","1-0 5.17 ERA","2-3 4.34 ERA"

PHI,"Z. Wheeler (R)","OFF DAY","J. Luzardo (L)","A. Nola (R)","C. Sanchez (L)","OFF DAY","Z. Wheeler (R)","T. Walker (R)","J. Luzardo (L)","A. Nola (R)","C. Sanchez (L)","OFF DAY","Z. Wheeler (R)","T. Walker (R)","J. Luzardo (L)","A. Nola (R)","C. Sanchez (L)","Z. Wheeler (R)","T. Walker (R)","J. Luzardo (L)","A. Nola (R)","C. Sanchez (L)","Z. Wheeler (R)","T. Walker (R)","J. Luzardo (L)","A. Nola (R)","C. Sanchez (L)","Z. Wheeler (R)"
game,"W7-3 @ WSH",,"W11-6 @ WSH","L1-5 @ WSH","W6-1 vs COL",,"W5-1 vs COL","W3-1 vs COL","W3-2 vs LAD","L1-3 vs LAD","W8-7 vs LAD",,"L5-7 @ ATL","W4-3 @ ATL","L2-4 @ ATL","L0-2 @ STL","W4-1 @ STL","L0-7 @ STL","L4-10 vs SF","W6-4 vs SF","L4-11 vs SF","W6-4 vs SF","W7-2 vs MIA","W11-10 vs MIA","Sun 1:35pm vs MIA","Mon 7:10pm @ NYM","Tue 7:10pm @ NYM","Wed 1:10pm @ NYM"
stats,"2-1 3.73 ERA",,"2-0 2.31 ERA","0-4 6.65 ERA","2-0 2.96 ERA",,"2-1 3.73 ERA","1-1 2.30 ERA","2-0 2.31 ERA","0-4 6.65 ERA","2-0 2.96 ERA",,"2-1 3.73 ERA","1-1 2.30 ERA","2-0 2.31 ERA","0-4 6.65 ERA","2-0 2.96 ERA","2-1 3.73 ERA","1-1 2.30 ERA","2-0 2.31 ERA","0-4 6.65 ERA","2-0 2.96 ERA","2-1 3.73 ERA","1-1 2.30 ERA","2-0 2.31 ERA","0-4 6.65 ERA","2-0 2.96 ERA","2-1 3.73 ERA"

PIT,"P. Skenes (R)","M. Keller (R)","B. Falter (L)","A. Heaney (L)","C. Mlodzinski (R)","T. Harrington (R)","P. Skenes (R)","OFF DAY","M. Keller (R)","B. Falter (L)","A. Heaney (L)","C. Mlodzinski (R)","P. Skenes (R)","M. Keller (R)","OFF DAY","B. Falter (L)","A. Heaney (L)","C. Mlodzinski (R)","P. Skenes (R)","M. Keller (R)","B. Falter (L)","A. Heaney (L)","C. Mlodzinski (R)","P. Skenes (R)","M. Keller (R)","OFF DAY","B. Falter (L)","A. Heaney (L)"
game,"L4-5 @ MIA","W4-3 @ MIA","L4-5 @ MIA","L2-3 @ MIA","L1-6 @ TB","L0-7 @ TB","W4-2 @ TB",,"L4-9 vs NYY","L4-10 vs NYY","W5-4 vs NYY","W8-4 vs STL","L3-5 vs STL","W2-1 vs STL",,"L3-5 @ CIN","L2-5 @ CIN","L0-4 @ CIN","W10-3 vs WSH","L0-3 vs WSH","W6-1 vs WSH","W1-0 vs WSH","L7-10 vs CLE","Sat 4:05pm vs CLE","Sun 1:35pm vs CLE",,"Tue 9:38pm @ LAA","Wed 9:38pm @ LAA"
stats,"2-1 2.96 ERA","1-2 4.30 ERA","1-2 4.91 ERA","1-1 2.13 ERA","1-3 7.41 ERA","0-1 10.13 ERA","2-1 2.96 ERA",,"1-2 4.30 ERA","1-2 4.91 ERA","1-1 2.13 ERA","1-3 7.41 ERA","2-1 2.96 ERA","1-2 4.30 ERA",,"1-2 4.91 ERA","1-1 2.13 ERA","1-3 7.41 ERA","2-1 2.96 ERA","1-2 4.30 ERA","1-2 4.91 ERA","1-1 2.13 ERA","1-3 7.41 ERA","2-1 2.96 ERA","1-2 4.30 ERA",,"1-2 4.91 ERA","1-1 2.13 ERA"

SD,"M. King (R)","D. Cease (R)","R. Vasquez (R)","N. Pivetta (R)","K. Hart (L)","M. King (R)","D. Cease (R)","OFF DAY","R. Vasquez (R)","N. Pivetta (R)","K. Hart (L)","M. King (R)","D. Cease (R)","R. Vasquez (R)","OFF DAY","N. Pivetta (R)","K. Hart (L)","M. King (R)","D. Cease (R)","R. Vasquez (R)","N. Pivetta (R)","OFF DAY","K. Hart (L)","M. King (R)","D. Cease (R)","R. Vasquez (R)","N. Pivetta (R)","K. Hart (L)"
game,"W7-4 vs ATL","W4-3 vs ATL","W1-0 vs ATL","W5-0 vs ATL","W7-2 vs CLE","W7-0 vs CLE","W5-2 vs CLE",,"L1-3 @ CHC","L1-7 @ CHC","W8-7 @ CHC","W5-4 @ ATH","L4-10 @ ATH","W2-1 @ ATH",,"W8-0 vs COL","W2-0 vs COL","W6-0 vs COL","W10-4 vs CHC","L1-2 vs CHC","W4-2 vs CHC",,"L4-6 @ HOU","Sat 7:10pm @ HOU","Sun 7:10pm @ HOU","Mon 6:40pm @ DET","Tue 6:40pm @ DET","Wed 1:10pm @ DET"
stats,"3-0 2.42 ERA","1-1 6.64 ERA","1-1 1.74 ERA","3-1 1.57 ERA","2-1 6.48 ERA","3-0 2.42 ERA","1-1 6.64 ERA",,"1-1 1.74 ERA","3-1 1.57 ERA","2-1 6.48 ERA","3-0 2.42 ERA","1-1 6.64 ERA","1-1 1.74 ERA",,"3-1 1.57 ERA","2-1 6.48 ERA","3-0 2.42 ERA","1-1 6.64 ERA","1-1 1.74 ERA","3-1 1.57 ERA",,"2-1 6.48 ERA","3-0 2.42 ERA","1-1 6.64 ERA","1-1 1.74 ERA","3-1 1.57 ERA","2-1 6.48 ERA"

SEA,"L. Gilbert (R)","L. Castillo (R)","B. Miller (R)","B. Woo (R)","E. Hancock (R)","L. Gilbert (R)","L. Castillo (R)","OFF DAY","L. Castillo (R)","B. Miller (R)","B. Woo (R)","L. Gilbert (R)","L. Castillo (R)","L. Castillo (R)","OFF DAY","B. Miller (R)","B. Woo (R)","L. Gilbert (R)","OFF DAY","L. Castillo (R)","B. Miller (R)","E. Hancock (R)","B. Woo (R)","L. Gilbert (R)","L. Castillo (R)","OFF DAY","B. Miller (R)","E. Hancock (R)"
game,"W4-2 vs ATH","L0-7 vs ATH","L2-4 vs ATH","W2-1 vs ATH","L6-9 vs DET","L1-4 vs DET","W3-2 vs DET",,"L9-10 @ SF","L1-4 @ SF","L4-5 @ SF","W4-3 vs HOU","L1-2 vs HOU","W7-6 vs HOU",,"W5-3 vs TEX","W9-2 vs TEX","W3-1 vs TEX",,"L4-8 @ CIN","W5-3 @ CIN","W11-7 @ CIN","L1-3 @ TOR","Sat 3:07pm @ TOR","Sun 1:37pm @ TOR",,"Tue 6:45pm @ BOS","Wed 6:45pm @ BOS"
stats,"1-1 2.38 ERA","1-2 4.22 ERA","1-2 3.43 ERA","2-1 3.12 ERA","0-1 12.71 ERA","1-1 2.38 ERA","1-2 4.22 ERA",,"0-0 7.71 ERA","1-2 3.43 ERA","2-1 3.12 ERA","1-1 2.38 ERA","1-2 4.22 ERA","0-0 7.71 ERA",,"1-2 3.43 ERA","2-1 3.12 ERA","1-1 2.38 ERA",,"1-2 4.22 ERA","1-2 3.43 ERA","0-1 12.71 ERA","2-1 3.12 ERA","1-1 2.38 ERA","1-2 4.22 ERA",,"1-2 3.43 ERA","0-1 12.71 ERA"

SF,"L. Webb (R)","OFF DAY","J. Verlander (R)","R. Ray (L)","J. Hicks (R)","L. Webb (R)","L. Roupp (R)","OFF DAY","J. Verlander (R)","R. Ray (L)","J. Hicks (R)","L. Webb (R)","L. Roupp (R)","J. Verlander (R)","OFF DAY","R. Ray (L)","J. Hicks (R)","L. Webb (R)","L. Roupp (R)","J. Verlander (R)","R. Ray (L)","J. Hicks (R)","L. Webb (R)","L. Roupp (R)","J. Verlander (R)","R. Ray (L)","J. Hicks (R)","L. Webb (R)"
game,"W6-4 @ CIN",,"L2-3 @ CIN","W6-3 @ CIN","W7-2 @ HOU","W3-1 @ HOU","W6-3 @ HOU",,"W10-9 vs SEA","W4-1 vs SEA","W5-4 vs SEA","L0-2 vs CIN","L0-1 vs CIN","W8-6 vs CIN",,"W9-1 @ NYY","L4-8 @ NYY","W5-4 @ NYY","W10-4 @ PHI","L4-6 @ PHI","W11-4 @ PHI","L4-6 @ PHI","L0-2 @ LAA","Sat 9:38pm @ LAA","Sun 4:07pm @ LAA","Mon 9:45pm vs MIL","Tue 9:45pm vs MIL","Wed 9:45pm vs MIL"
stats,"2-1 2.40 ERA",,"0-1 6.75 ERA","3-0 4.19 ERA","1-2 6.04 ERA","2-1 2.40 ERA","1-1 4.80 ERA",,"0-1 6.75 ERA","3-0 4.19 ERA","1-2 6.04 ERA","2-1 2.40 ERA","1-1 4.80 ERA","0-1 6.75 ERA",,"3-0 4.19 ERA","1-2 6.04 ERA","2-1 2.40 ERA","1-1 4.80 ERA","0-1 6.75 ERA","3-0 4.19 ERA","1-2 6.04 ERA","2-1 2.40 ERA","1-1 4.80 ERA","0-1 6.75 ERA","3-0 4.19 ERA","1-2 6.04 ERA","2-1 2.40 ERA"

STL,"S. Gray (R)","OFF DAY","E. Fedde (R)","A. Pallante (R)","M. Mikolas (R)","M. Liberatore (L)","S. Gray (R)","OFF DAY","E. Fedde (R)",POSTPONED,"A. Pallante (R)","M. Liberatore (L)","S. Gray (R)","E. Fedde (R)","OFF DAY","A. Pallante (R)","M. Mikolas (R)","M. Liberatore (L)","S. Gray (R)","E. Fedde (R)","S. Matz (L)","A. Pallante (R)","M. Mikolas (R)","M. Liberatore (L)","S. Gray (R)","E. Fedde (R)","S. Matz (L)","A. Pallante (R)"
game,"W5-3 vs MIN",,"W5-1 vs MIN","W9-2 vs MIN","L4-5 vs LAA","L7-9 vs LAA","W12-5 vs LAA",,"L9-13 @ BOS","Sat 4:10pm @ BOS","L4-5 @ BOS","L4-8 @ PIT","W5-3 @ PIT","L1-2 @ PIT",,"W2-0 vs PHI","L1-4 vs PHI","W7-0 vs PHI","W8-3 vs HOU","L0-2 vs HOU","W4-1 vs HOU","L1-4 @ NYM","L4-5 @ NYM","L0-3 @ NYM","Sun 1:40pm @ NYM","Mon 7:15pm @ ATL","Tue 7:15pm @ ATL","Wed 12:15pm @ ATL"
stats,"3-0 3.13 ERA",,"1-2 3.43 ERA","2-1 3.22 ERA","0-2 7.64 ERA","1-1 3.93 ERA","3-0 3.13 ERA",,"1-2 3.43 ERA",,"2-1 3.22 ERA","1-1 3.93 ERA","3-0 3.13 ERA","1-2 3.43 ERA",,"2-1 3.22 ERA","0-2 7.64 ERA","1-1 3.93 ERA","3-0 3.13 ERA","1-2 3.43 ERA","1-0 2.16 ERA","2-1 3.22 ERA","0-2 7.64 ERA","1-1 3.93 ERA","3-0 3.13 ERA","1-2 3.43 ERA","1-0 2.16 ERA","2-1 3.22 ERA"
STL,---,---,---,---,---,---,---,---,---,---,"M. Mikolas (R)",---,---,---,---,---,---,---,---,---,---,---,---,---,---,---,---,---
game,,,,,,,,,,,"L7-18 @ BOS",,,,,,,,,,,,,,,,,
stats,,,,,,,,,,,"0-2 7.64 ERA",,,,,,,,,,,,,,,,,

TB,"OFF DAY","R. Pepiot (R)","Z. Littell (R)","T. Bradley (R)","D. Rasmussen (R)","S. Baz (R)","R. Pepiot (R)","OFF DAY","Z. Littell (R)","T. Bradley (R)","D. Rasmussen (R)","OFF DAY","S. Baz (R)","R. Pepiot (R)","Z. Littell (R)","T. Bradley (R)","D. Rasmussen (R)","J. Boyle (R)","S. Baz (R)","R. Pepiot (R)","Z. Littell (R)","T. Bradley (R)","D. Rasmussen (R)","S. Baz (R)","R. Pepiot (R)","OFF DAY","Z. Littell (R)","T. Bradley (R)"
game,,"W3-2 vs COL","L1-2 vs COL","W6-4 vs COL","W6-1 vs PIT","W7-0 vs PIT","L2-4 vs PIT",,"L2-5 @ TEX","L4-6 @ TEX","L3-4 @ TEX",,"L3-4 vs LAA","W5-4 vs LAA","L1-11 vs LAA","W6-3 vs ATL","L4-5 vs ATL","W8-3 vs ATL","W16-1 vs BOS","L4-7 vs BOS","L0-1 vs BOS","L3-6 vs NYY","L0-1 vs NYY","Sat 4:10pm vs NYY","Sun 1:40pm vs NYY",,"Tue 9:40pm @ ARI","Wed 9:40pm @ ARI"
stats,,"1-2 4.91 ERA","0-4 5.48 ERA","2-1 5.24 ERA","1-1 0.87 ERA","2-0 1.42 ERA","1-2 4.91 ERA",,"0-4 5.48 ERA","2-1 5.24 ERA","1-1 0.87 ERA",,"2-0 1.42 ERA","1-2 4.91 ERA","0-4 5.48 ERA","2-1 5.24 ERA","1-1 0.87 ERA","1-0 0.00 ERA","2-0 1.42 ERA","1-2 4.91 ERA","0-4 5.48 ERA","2-1 5.24 ERA","1-1 0.87 ERA","2-0 1.42 ERA","1-2 4.91 ERA",,"0-4 5.48 ERA","2-1 5.24 ERA"

TEX,"N. Eovaldi (R)","J. Leiter (R)","T. Mahle (R)","J. deGrom (R)","K. Rocker (R)","N. Eovaldi (R)","J. Leiter (R)","OFF DAY","T. Mahle (R)","J. deGrom (R)","K. Rocker (R)","N. Eovaldi (R)","P. Corbin (L)","T. Mahle (R)","OFF DAY","J. deGrom (R)","K. Rocker (R)","N. Eovaldi (R)","OFF DAY","T. Mahle (R)","P. Corbin (L)","K. Rocker (R)","J. deGrom (R)","N. Eovaldi (R)","T. Mahle (R)","OFF DAY","P. Corbin (L)","J. Leiter (R)"
game,"L2-5 vs BOS","W4-1 vs BOS","W4-3 vs BOS","W3-2 vs BOS","L3-14 @ CIN","W1-0 @ CIN","W1-0 @ CIN",,"W5-2 vs TB","W6-4 vs TB","W4-3 vs TB","L0-7 @ CHC","L6-10 @ CHC","W6-2 @ CHC",,"L3-5 @ SEA","L2-9 @ SEA","L1-3 @ SEA",,"W4-0 vs LAA","W3-1 vs LAA","W5-3 vs LAA","L0-3 vs LAD","W4-3 vs LAD","Sun 2:35pm vs LAD",,"Tue 10:05pm @ ATH","Wed 10:05pm @ ATH"
stats,"1-2 2.55 ERA","2-0 0.90 ERA","3-0 0.92 ERA","0-1 3.32 ERA","1-2 6.38 ERA","1-2 2.55 ERA","2-0 0.90 ERA",,"3-0 0.92 ERA","0-1 3.32 ERA","1-2 6.38 ERA","1-2 2.55 ERA","1-0 3.86 ERA","3-0 0.92 ERA",,"0-1 3.32 ERA","1-2 6.38 ERA","1-2 2.55 ERA",,"3-0 0.92 ERA","1-0 3.86 ERA","1-2 6.38 ERA","0-1 3.32 ERA","1-2 2.55 ERA","3-0 0.92 ERA",,"1-0 3.86 ERA","2-0 0.90 ERA"

TOR,"J. Berrios (R)","K. Gausman (R)","M. Scherzer (R)","C. Bassitt (R)","B. Francis (R)","J. Berrios (R)","E. Lucas (L)","OFF DAY","K. Gausman (R)","C. Bassitt (R)","B. Francis (R)","J. Berrios (R)","E. Lucas (L)","K. Gausman (R)","C. Bassitt (R)",POSTPONED,"B. Francis (R)","J. Berrios (R)","E. Lucas (L)","K. Gausman (R)","C. Bassitt (R)","OFF DAY","B. Francis (R)","J. Berrios (R)","E. Lucas (L)","K. Gausman (R)","C. Bassitt (R)","B. Francis (R)"
game,"L2-12 vs BAL","W8-2 vs BAL","L5-9 vs BAL","W3-1 vs BAL","W5-2 vs WSH","W5-3 vs WSH","W4-2 vs WSH",,"L0-5 @ NYM","L2-3 @ NYM","L1-2 @ NYM","W6-2 @ BOS","W6-1 @ BOS","W2-1 @ BOS","L3-4 @ BOS","Fri 7:05pm @ BAL","L4-5 @ BAL","W7-6 @ BAL","L4-8 vs ATL","W6-3 vs ATL","W3-1 vs ATL",,"W3-1 vs SEA","Sat 3:07pm vs SEA","Sun 1:37pm vs SEA","Mon 8:10pm @ HOU","Tue 8:10pm @ HOU","Wed 7:40pm @ HOU"
stats,"1-1 5.16 ERA","2-1 2.49 ERA","0-0 6.00 ERA","2-0 0.77 ERA","2-2 3.13 ERA","1-1 5.16 ERA","2-1 4.70 ERA",,"2-1 2.49 ERA","2-0 0.77 ERA","2-2 3.13 ERA","1-1 5.16 ERA","2-1 4.70 ERA","2-1 2.49 ERA","2-0 0.77 ERA",,"2-2 3.13 ERA","1-1 5.16 ERA","2-1 4.70 ERA","2-1 2.49 ERA","2-0 0.77 ERA",,"2-2 3.13 ERA","1-1 5.16 ERA","2-1 4.70 ERA","2-1 2.49 ERA","2-0 0.77 ERA","2-2 3.13 ERA"

WSH,"M. Gore (L)","OFF DAY","J. Irvin (R)","M. Parker (L)","M. Soroka (R)","T. Williams (R)","M. Gore (L)","OFF DAY","J. Irvin (R)","M. Parker (L)","T. Williams (R)","M. Gore (L)","B. Lord (R)","J. Irvin (R)","OFF DAY","M. Parker (L)","T. Williams (R)","M. Gore (L)","B. Lord (R)","J. Irvin (R)","M. Parker (L)","T. Williams (R)",POSTPONED,"M. Gore (L)","J. Irvin (R)","OFF DAY","M. Parker (L)","T. Williams (R)"
game,"L3-7 vs PHI",,"L6-11 vs PHI","W5-1 vs PHI","L2-5 @ TOR","L3-5 @ TOR","L2-4 @ TOR",,"L4-6 vs ARI","W4-3 vs ARI","W5-4 vs ARI","W6-4 vs LAD","W8-2 vs LAD","L5-6 vs LAD",,"W7-4 @ MIA","L6-7 @ MIA","L4-11 @ MIA","L3-10 @ PIT","W3-0 @ PIT","L1-6 @ PIT","L0-1 @ PIT","Fri 8:40pm @ COL","Sat 4:10pm @ COL","Sun 3:10pm @ COL",,"Tue 6:45pm vs BAL","Wed 6:45pm vs BAL"
stats,"1-2 3.52 ERA",,"1-0 3.91 ERA","2-1 1.85 ERA","0-1 7.20 ERA","1-2 5.95 ERA","1-2 3.52 ERA",,"1-0 3.91 ERA","2-1 1.85 ERA","1-2 5.95 ERA","1-2 3.52 ERA","0-1 4.82 ERA","1-0 3.91 ERA",,"2-1 1.85 ERA","1-2 5.95 ERA","1-2 3.52 ERA","0-1 4.82 ERA","1-0 3.91 ERA","2-1 1.85 ERA","1-2 5.95 ERA",,"1-2 3.52 ERA","1-0 3.91 ERA",,"2-1 1.85 ERA","1-2 5.95 ERA"
WSH,---,---,---,---,---,---,---,---,---,---,---,---,---,---,---,---,---,---,---,---,---,---,---,---,"B. Lord (R)",---,---,---
game,,,,,,,,,,,,,,,,,,,,,,,,,"Sun 8:10pm @ COL",,,
stats,,,,,,,,,,,,,,,,,,,,,,,,,"0-1 4.82 ERA",,,

