Game Date,Away Team,Home Team,YRFI_Prob,YRFIğŸ”¥,NRFI_Prob,NRFIğŸ”¥,yrfi_odds
2025-03-27,Baltimore Orioles,Toronto Blue Jays,1.0,ğŸ”¥ğŸ”¥ğŸ”¥ğŸ”¥ğŸ”¥,0.0,ğŸ”¥,-140
2025-03-27,Cleveland Guardians,Kansas City Royals,0.31,ğŸ”¥ğŸ”¥,0.69,ğŸ”¥ğŸ”¥ğŸ”¥ğŸ”¥,105
2025-03-27,New York Mets,Houston Astros,0.25,ğŸ”¥ğŸ”¥,0.75,ğŸ”¥ğŸ”¥ğŸ”¥ğŸ”¥,105
2025-03-27,Detroit Tigers,Los Angeles Dodgers,0.44,ğŸ”¥ğŸ”¥ğŸ”¥,0.56,ğŸ”¥ğŸ”¥ğŸ”¥,-110
2025-03-27,Philadelphia Phillies,Washington Nationals,0.470047619047619,ğŸ”¥ğŸ”¥ğŸ”¥,0.529952380952381,ğŸ”¥ğŸ”¥ğŸ”¥,-110
2025-03-27,Los Angeles Angels,Chicago White Sox,0.21,ğŸ”¥ğŸ”¥,0.79,ğŸ”¥ğŸ”¥ğŸ”¥ğŸ”¥,105
2025-03-27,Atlanta Braves,San Diego Padres,0.78,ğŸ”¥ğŸ”¥ğŸ”¥ğŸ”¥,0.2199999999999999,ğŸ”¥ğŸ”¥,-125
2025-03-27,Milwaukee Brewers,New York Yankees,0.795,ğŸ”¥ğŸ”¥ğŸ”¥ğŸ”¥,0.2049999999999999,ğŸ”¥ğŸ”¥,-125
2025-03-27,Pittsburgh Pirates,Miami Marlins,0.17,ğŸ”¥,0.83,ğŸ”¥ğŸ”¥ğŸ”¥ğŸ”¥ğŸ”¥,120
2025-03-27,Athletics,Seattle Mariners,0.16,ğŸ”¥,0.84,ğŸ”¥ğŸ”¥ğŸ”¥ğŸ”¥ğŸ”¥,120
2025-03-27,Minnesota Twins,St. Louis Cardinals,0.89,ğŸ”¥ğŸ”¥ğŸ”¥ğŸ”¥ğŸ”¥,0.1099999999999999,ğŸ”¥,-140
2025-03-27,Chicago Cubs,Arizona Diamondbacks,0.58,ğŸ”¥ğŸ”¥ğŸ”¥,0.42,ğŸ”¥ğŸ”¥ğŸ”¥,-110
2025-03-27,San Francisco Giants,Cincinnati Reds,0.66,ğŸ”¥ğŸ”¥ğŸ”¥ğŸ”¥,0.3399999999999999,ğŸ”¥ğŸ”¥,-125
2025-03-27,Boston Red Sox,Texas Rangers,0.02,ğŸ”¥,0.98,ğŸ”¥ğŸ”¥ğŸ”¥ğŸ”¥ğŸ”¥,120
2025-03-28,Atlanta Braves,San Diego Padres,0.78,ğŸ”¥ğŸ”¥ğŸ”¥ğŸ”¥,0.2199999999999999,ğŸ”¥ğŸ”¥,-125
2025-03-28,Chicago Cubs,Arizona Diamondbacks,0.58,ğŸ”¥ğŸ”¥ğŸ”¥,0.42,ğŸ”¥ğŸ”¥ğŸ”¥,-110
2025-03-28,Colorado Rockies,Tampa Bay Rays,0.57,ğŸ”¥ğŸ”¥ğŸ”¥,0.43,ğŸ”¥ğŸ”¥ğŸ”¥,-110
2025-03-28,Detroit Tigers,Los Angeles Dodgers,0.44,ğŸ”¥ğŸ”¥ğŸ”¥,0.56,ğŸ”¥ğŸ”¥ğŸ”¥,-110
2025-03-28,New York Mets,Houston Astros,0.25,ğŸ”¥ğŸ”¥,0.75,ğŸ”¥ğŸ”¥ğŸ”¥ğŸ”¥,105
2025-03-28,Baltimore Orioles,Toronto Blue Jays,1.0,ğŸ”¥ğŸ”¥ğŸ”¥ğŸ”¥ğŸ”¥,0.0,ğŸ”¥,-140
2025-03-28,Pittsburgh Pirates,Miami Marlins,0.17,ğŸ”¥,0.83,ğŸ”¥ğŸ”¥ğŸ”¥ğŸ”¥ğŸ”¥,120
2025-03-28,Boston Red Sox,Texas Rangers,0.02,ğŸ”¥,0.98,ğŸ”¥ğŸ”¥ğŸ”¥ğŸ”¥ğŸ”¥,120
2025-03-28,Athletics,Seattle Mariners,0.16,ğŸ”¥,0.84,ğŸ”¥ğŸ”¥ğŸ”¥ğŸ”¥ğŸ”¥,120
2025-03-29,Los Angeles Angels,Chicago White Sox,0.21,ğŸ”¥ğŸ”¥,0.79,ğŸ”¥ğŸ”¥ğŸ”¥ğŸ”¥,105
2025-03-29,Pittsburgh Pirates,Miami Marlins,0.17,ğŸ”¥,0.83,ğŸ”¥ğŸ”¥ğŸ”¥ğŸ”¥ğŸ”¥,120
2025-03-29,Cleveland Guardians,Kansas City Royals,0.31,ğŸ”¥ğŸ”¥,0.69,ğŸ”¥ğŸ”¥ğŸ”¥ğŸ”¥,105
2025-03-29,Milwaukee Brewers,New York Yankees,0.795,ğŸ”¥ğŸ”¥ğŸ”¥ğŸ”¥,0.2049999999999999,ğŸ”¥ğŸ”¥,-125
2025-03-29,Boston Red Sox,Texas Rangers,0.02,ğŸ”¥,0.98,ğŸ”¥ğŸ”¥ğŸ”¥ğŸ”¥ğŸ”¥,120
2025-03-29,Philadelphia Phillies,Washington Nationals,0.470047619047619,ğŸ”¥ğŸ”¥ğŸ”¥,0.529952380952381,ğŸ”¥ğŸ”¥ğŸ”¥,-110
2025-03-29,Atlanta Braves,San Diego Padres,0.78,ğŸ”¥ğŸ”¥ğŸ”¥ğŸ”¥,0.2199999999999999,ğŸ”¥ğŸ”¥,-125
2025-03-29,Colorado Rockies,Tampa Bay Rays,0.57,ğŸ”¥ğŸ”¥ğŸ”¥,0.43,ğŸ”¥ğŸ”¥ğŸ”¥,-110
2025-03-29,San Francisco Giants,Cincinnati Reds,0.66,ğŸ”¥ğŸ”¥ğŸ”¥ğŸ”¥,0.3399999999999999,ğŸ”¥ğŸ”¥,-125
2025-03-29,Minnesota Twins,St. Louis Cardinals,0.89,ğŸ”¥ğŸ”¥ğŸ”¥ğŸ”¥ğŸ”¥,0.1099999999999999,ğŸ”¥,-140
2025-03-29,Baltimore Orioles,Toronto Blue Jays,1.0,ğŸ”¥ğŸ”¥ğŸ”¥ğŸ”¥ğŸ”¥,0.0,ğŸ”¥,-140
2025-03-29,Athletics,Seattle Mariners,0.16,ğŸ”¥,0.84,ğŸ”¥ğŸ”¥ğŸ”¥ğŸ”¥ğŸ”¥,120
2025-03-29,Chicago Cubs,Arizona Diamondbacks,0.58,ğŸ”¥ğŸ”¥ğŸ”¥,0.42,ğŸ”¥ğŸ”¥ğŸ”¥,-110
2025-03-29,Detroit Tigers,Los Angeles Dodgers,0.44,ğŸ”¥ğŸ”¥ğŸ”¥,0.56,ğŸ”¥ğŸ”¥ğŸ”¥,-110
2025-03-29,New York Mets,Houston Astros,0.25,ğŸ”¥ğŸ”¥,0.75,ğŸ”¥ğŸ”¥ğŸ”¥ğŸ”¥,105
2025-03-30,Boston Red Sox,Texas Rangers,0.02,ğŸ”¥,0.98,ğŸ”¥ğŸ”¥ğŸ”¥ğŸ”¥ğŸ”¥,120
2025-03-30,Los Angeles Angels,Chicago White Sox,0.21,ğŸ”¥ğŸ”¥,0.79,ğŸ”¥ğŸ”¥ğŸ”¥ğŸ”¥,105
2025-03-30,Baltimore Orioles,Toronto Blue Jays,1.0,ğŸ”¥ğŸ”¥ğŸ”¥ğŸ”¥ğŸ”¥,0.0,ğŸ”¥,-140
2025-03-30,Philadelphia Phillies,Washington Nationals,0.470047619047619,ğŸ”¥ğŸ”¥ğŸ”¥,0.529952380952381,ğŸ”¥ğŸ”¥ğŸ”¥,-110
2025-03-30,Cleveland Guardians,Kansas City Royals,0.31,ğŸ”¥ğŸ”¥,0.69,ğŸ”¥ğŸ”¥ğŸ”¥ğŸ”¥,105
2025-03-30,San Francisco Giants,Cincinnati Reds,0.66,ğŸ”¥ğŸ”¥ğŸ”¥ğŸ”¥,0.3399999999999999,ğŸ”¥ğŸ”¥,-125
2025-03-30,Atlanta Braves,San Diego Padres,0.78,ğŸ”¥ğŸ”¥ğŸ”¥ğŸ”¥,0.2199999999999999,ğŸ”¥ğŸ”¥,-125
2025-03-30,Chicago Cubs,Arizona Diamondbacks,0.58,ğŸ”¥ğŸ”¥ğŸ”¥,0.42,ğŸ”¥ğŸ”¥ğŸ”¥,-110
2025-03-30,Minnesota Twins,St. Louis Cardinals,0.89,ğŸ”¥ğŸ”¥ğŸ”¥ğŸ”¥ğŸ”¥,0.1099999999999999,ğŸ”¥,-140
2025-03-30,Milwaukee Brewers,New York Yankees,0.795,ğŸ”¥ğŸ”¥ğŸ”¥ğŸ”¥,0.2049999999999999,ğŸ”¥ğŸ”¥,-125
2025-03-30,Pittsburgh Pirates,Miami Marlins,0.17,ğŸ”¥,0.83,ğŸ”¥ğŸ”¥ğŸ”¥ğŸ”¥ğŸ”¥,120
2025-03-30,Colorado Rockies,Tampa Bay Rays,0.57,ğŸ”¥ğŸ”¥ğŸ”¥,0.43,ğŸ”¥ğŸ”¥ğŸ”¥,-110
2025-03-30,Athletics,Seattle Mariners,0.16,ğŸ”¥,0.84,ğŸ”¥ğŸ”¥ğŸ”¥ğŸ”¥ğŸ”¥,120
2025-03-31,Pittsburgh Pirates,Tampa Bay Rays,0.39,ğŸ”¥ğŸ”¥,0.61,ğŸ”¥ğŸ”¥ğŸ”¥ğŸ”¥,105
2025-03-31,New York Mets,Miami Marlins,0.14,ğŸ”¥,0.86,ğŸ”¥ğŸ”¥ğŸ”¥ğŸ”¥ğŸ”¥,120
2025-03-31,Colorado Rockies,Philadelphia Phillies,0.6416666666666666,ğŸ”¥ğŸ”¥ğŸ”¥ğŸ”¥,0.3583333333333334,ğŸ”¥ğŸ”¥,-125
2025-03-31,Los Angeles Angels,St. Louis Cardinals,0.73,ğŸ”¥ğŸ”¥ğŸ”¥ğŸ”¥,0.27,ğŸ”¥ğŸ”¥,-125
2025-03-31,Kansas City Royals,Milwaukee Brewers,0.36,ğŸ”¥ğŸ”¥,0.64,ğŸ”¥ğŸ”¥ğŸ”¥ğŸ”¥,105
2025-03-31,Washington Nationals,Toronto Blue Jays,0.3,ğŸ”¥ğŸ”¥,0.7,ğŸ”¥ğŸ”¥ğŸ”¥ğŸ”¥,105
2025-03-31,Minnesota Twins,Chicago White Sox,0.25,ğŸ”¥ğŸ”¥,0.75,ğŸ”¥ğŸ”¥ğŸ”¥ğŸ”¥,105
2025-03-31,Boston Red Sox,Baltimore Orioles,0.48,ğŸ”¥ğŸ”¥ğŸ”¥,0.52,ğŸ”¥ğŸ”¥ğŸ”¥,-110
2025-03-31,Atlanta Braves,Los Angeles Dodgers,0.48,ğŸ”¥ğŸ”¥ğŸ”¥,0.52,ğŸ”¥ğŸ”¥ğŸ”¥,-110
2025-03-31,Chicago Cubs,Athletics,0.22,ğŸ”¥ğŸ”¥,0.78,ğŸ”¥ğŸ”¥ğŸ”¥ğŸ”¥,105
2025-03-31,Texas Rangers,Cincinnati Reds,0.4858333333333333,ğŸ”¥ğŸ”¥ğŸ”¥,0.5141666666666667,ğŸ”¥ğŸ”¥ğŸ”¥,-110
2025-03-31,San Francisco Giants,Houston Astros,0.76,ğŸ”¥ğŸ”¥ğŸ”¥ğŸ”¥,0.24,ğŸ”¥ğŸ”¥,-125
2025-03-31,Cleveland Guardians,San Diego Padres,0.2,ğŸ”¥ğŸ”¥,0.8,ğŸ”¥ğŸ”¥ğŸ”¥ğŸ”¥ğŸ”¥,105
2025-03-31,Detroit Tigers,Seattle Mariners,0.35,ğŸ”¥ğŸ”¥,0.65,ğŸ”¥ğŸ”¥ğŸ”¥ğŸ”¥,105
2025-04-01,Washington Nationals,Toronto Blue Jays,0.3,ğŸ”¥ğŸ”¥,0.7,ğŸ”¥ğŸ”¥ğŸ”¥ğŸ”¥,105
2025-04-01,Detroit Tigers,Seattle Mariners,0.35,ğŸ”¥ğŸ”¥,0.65,ğŸ”¥ğŸ”¥ğŸ”¥ğŸ”¥,105
2025-04-01,Kansas City Royals,Milwaukee Brewers,0.36,ğŸ”¥ğŸ”¥,0.64,ğŸ”¥ğŸ”¥ğŸ”¥ğŸ”¥,105
2025-04-01,Arizona Diamondbacks,New York Yankees,0.76,ğŸ”¥ğŸ”¥ğŸ”¥ğŸ”¥,0.24,ğŸ”¥ğŸ”¥,-125
2025-04-01,Los Angeles Angels,St. Louis Cardinals,0.73,ğŸ”¥ğŸ”¥ğŸ”¥ğŸ”¥,0.27,ğŸ”¥ğŸ”¥,-125
2025-04-01,San Francisco Giants,Houston Astros,0.76,ğŸ”¥ğŸ”¥ğŸ”¥ğŸ”¥,0.24,ğŸ”¥ğŸ”¥,-125
2025-04-01,Minnesota Twins,Chicago White Sox,0.25,ğŸ”¥ğŸ”¥,0.75,ğŸ”¥ğŸ”¥ğŸ”¥ğŸ”¥,105
2025-04-01,Chicago Cubs,Athletics,0.22,ğŸ”¥ğŸ”¥,0.78,ğŸ”¥ğŸ”¥ğŸ”¥ğŸ”¥,105
2025-04-01,Atlanta Braves,Los Angeles Dodgers,0.48,ğŸ”¥ğŸ”¥ğŸ”¥,0.52,ğŸ”¥ğŸ”¥ğŸ”¥,-110
2025-04-01,Cleveland Guardians,San Diego Padres,0.2,ğŸ”¥ğŸ”¥,0.8,ğŸ”¥ğŸ”¥ğŸ”¥ğŸ”¥ğŸ”¥,105
2025-04-01,Texas Rangers,Cincinnati Reds,0.4858333333333333,ğŸ”¥ğŸ”¥ğŸ”¥,0.5141666666666667,ğŸ”¥ğŸ”¥ğŸ”¥,-110
2025-04-01,New York Mets,Miami Marlins,0.14,ğŸ”¥,0.86,ğŸ”¥ğŸ”¥ğŸ”¥ğŸ”¥ğŸ”¥,120
2025-04-01,Pittsburgh Pirates,Tampa Bay Rays,0.39,ğŸ”¥ğŸ”¥,0.61,ğŸ”¥ğŸ”¥ğŸ”¥ğŸ”¥,105
2025-04-02,Colorado Rockies,Philadelphia Phillies,0.6416666666666666,ğŸ”¥ğŸ”¥ğŸ”¥ğŸ”¥,0.3583333333333334,ğŸ”¥ğŸ”¥,-125
2025-04-02,Pittsburgh Pirates,Tampa Bay Rays,0.39,ğŸ”¥ğŸ”¥,0.61,ğŸ”¥ğŸ”¥ğŸ”¥ğŸ”¥,105
2025-04-02,Atlanta Braves,Los Angeles Dodgers,0.48,ğŸ”¥ğŸ”¥ğŸ”¥,0.52,ğŸ”¥ğŸ”¥ğŸ”¥,-110
2025-04-02,Boston Red Sox,Baltimore Orioles,0.48,ğŸ”¥ğŸ”¥ğŸ”¥,0.52,ğŸ”¥ğŸ”¥ğŸ”¥,-110
2025-04-02,Texas Rangers,Cincinnati Reds,0.4858333333333333,ğŸ”¥ğŸ”¥ğŸ”¥,0.5141666666666667,ğŸ”¥ğŸ”¥ğŸ”¥,-110
2025-04-02,Minnesota Twins,Chicago White Sox,0.25,ğŸ”¥ğŸ”¥,0.75,ğŸ”¥ğŸ”¥ğŸ”¥ğŸ”¥,105
2025-04-02,Kansas City Royals,Milwaukee Brewers,0.36,ğŸ”¥ğŸ”¥,0.64,ğŸ”¥ğŸ”¥ğŸ”¥ğŸ”¥,105
2025-04-02,Detroit Tigers,Seattle Mariners,0.35,ğŸ”¥ğŸ”¥,0.65,ğŸ”¥ğŸ”¥ğŸ”¥ğŸ”¥,105
2025-04-02,Washington Nationals,Toronto Blue Jays,0.3,ğŸ”¥ğŸ”¥,0.7,ğŸ”¥ğŸ”¥ğŸ”¥ğŸ”¥,105
2025-04-02,Cleveland Guardians,San Diego Padres,0.2,ğŸ”¥ğŸ”¥,0.8,ğŸ”¥ğŸ”¥ğŸ”¥ğŸ”¥ğŸ”¥,105
2025-04-02,Los Angeles Angels,St. Louis Cardinals,0.73,ğŸ”¥ğŸ”¥ğŸ”¥ğŸ”¥,0.27,ğŸ”¥ğŸ”¥,-125
2025-04-02,Chicago Cubs,Athletics,0.22,ğŸ”¥ğŸ”¥,0.78,ğŸ”¥ğŸ”¥ğŸ”¥ğŸ”¥,105
2025-04-02,New York Mets,Miami Marlins,0.14,ğŸ”¥,0.86,ğŸ”¥ğŸ”¥ğŸ”¥ğŸ”¥ğŸ”¥,120
2025-04-02,San Francisco Giants,Houston Astros,0.76,ğŸ”¥ğŸ”¥ğŸ”¥ğŸ”¥,0.24,ğŸ”¥ğŸ”¥,-125
2025-04-02,Arizona Diamondbacks,New York Yankees,0.76,ğŸ”¥ğŸ”¥ğŸ”¥ğŸ”¥,0.24,ğŸ”¥ğŸ”¥,-125
2025-04-03,Boston Red Sox,Baltimore Orioles,0.48,ğŸ”¥ğŸ”¥ğŸ”¥,0.52,ğŸ”¥ğŸ”¥ğŸ”¥,-110
2025-04-03,Houston Astros,Minnesota Twins,0.3633333333333333,ğŸ”¥ğŸ”¥,0.6366666666666667,ğŸ”¥ğŸ”¥ğŸ”¥ğŸ”¥,105
2025-04-03,Cincinnati Reds,Milwaukee Brewers,0.09,ğŸ”¥,0.91,ğŸ”¥ğŸ”¥ğŸ”¥ğŸ”¥ğŸ”¥,120
2025-04-03,Colorado Rockies,Philadelphia Phillies,0.6416666666666666,ğŸ”¥ğŸ”¥ğŸ”¥ğŸ”¥,0.3583333333333334,ğŸ”¥ğŸ”¥,-125
2025-04-03,Arizona Diamondbacks,New York Yankees,0.76,ğŸ”¥ğŸ”¥ğŸ”¥ğŸ”¥,0.24,ğŸ”¥ğŸ”¥,-125
2025-04-04,Cleveland Guardians,Los Angeles Angels,0.7933333333333334,ğŸ”¥ğŸ”¥ğŸ”¥ğŸ”¥,0.2066666666666665,ğŸ”¥ğŸ”¥,-125
2025-04-04,Cincinnati Reds,Milwaukee Brewers,0.09,ğŸ”¥,0.91,ğŸ”¥ğŸ”¥ğŸ”¥ğŸ”¥ğŸ”¥,120
2025-04-04,Toronto Blue Jays,New York Mets,0.03,ğŸ”¥,0.97,ğŸ”¥ğŸ”¥ğŸ”¥ğŸ”¥ğŸ”¥,120
2025-04-04,St. Louis Cardinals,Boston Red Sox,0.49,ğŸ”¥ğŸ”¥ğŸ”¥,0.51,ğŸ”¥ğŸ”¥ğŸ”¥,-110
2025-04-04,Tampa Bay Rays,Texas Rangers,0.02,ğŸ”¥,0.98,ğŸ”¥ğŸ”¥ğŸ”¥ğŸ”¥ğŸ”¥,120
2025-04-04,Athletics,Colorado Rockies,0.16,ğŸ”¥,0.84,ğŸ”¥ğŸ”¥ğŸ”¥ğŸ”¥ğŸ”¥,120
2025-04-04,Los Angeles Dodgers,Philadelphia Phillies,0.92,ğŸ”¥ğŸ”¥ğŸ”¥ğŸ”¥ğŸ”¥,0.0799999999999999,ğŸ”¥,-140
2025-04-04,New York Yankees,Pittsburgh Pirates,0.55,ğŸ”¥ğŸ”¥ğŸ”¥,0.4499999999999999,ğŸ”¥ğŸ”¥ğŸ”¥,-110
2025-04-04,San Diego Padres,Chicago Cubs,0.4666666666666666,ğŸ”¥ğŸ”¥ğŸ”¥,0.5333333333333334,ğŸ”¥ğŸ”¥ğŸ”¥,-110
2025-04-04,Chicago White Sox,Detroit Tigers,0.5,ğŸ”¥ğŸ”¥ğŸ”¥,0.5,ğŸ”¥ğŸ”¥ğŸ”¥,-110
2025-04-04,Miami Marlins,Atlanta Braves,0.25,ğŸ”¥ğŸ”¥,0.75,ğŸ”¥ğŸ”¥ğŸ”¥ğŸ”¥,105
2025-04-04,Seattle Mariners,San Francisco Giants,0.72,ğŸ”¥ğŸ”¥ğŸ”¥ğŸ”¥,0.28,ğŸ”¥ğŸ”¥,-125
2025-04-04,Arizona Diamondbacks,Washington Nationals,0.7110000000000001,ğŸ”¥ğŸ”¥ğŸ”¥ğŸ”¥,0.2889999999999999,ğŸ”¥ğŸ”¥,-125
2025-04-04,Baltimore Orioles,Kansas City Royals,0.88,ğŸ”¥ğŸ”¥ğŸ”¥ğŸ”¥ğŸ”¥,0.12,ğŸ”¥,-140
2025-04-05,Athletics,Colorado Rockies,0.16,ğŸ”¥,0.84,ğŸ”¥ğŸ”¥ğŸ”¥ğŸ”¥ğŸ”¥,120
2025-04-05,Cincinnati Reds,Milwaukee Brewers,0.09,ğŸ”¥,0.91,ğŸ”¥ğŸ”¥ğŸ”¥ğŸ”¥ğŸ”¥,120
2025-04-05,Miami Marlins,Atlanta Braves,0.25,ğŸ”¥ğŸ”¥,0.75,ğŸ”¥ğŸ”¥ğŸ”¥ğŸ”¥,105
2025-04-05,Toronto Blue Jays,New York Mets,0.03,ğŸ”¥,0.97,ğŸ”¥ğŸ”¥ğŸ”¥ğŸ”¥ğŸ”¥,120
2025-04-05,Tampa Bay Rays,Texas Rangers,0.02,ğŸ”¥,0.98,ğŸ”¥ğŸ”¥ğŸ”¥ğŸ”¥ğŸ”¥,120
2025-04-05,St. Louis Cardinals,Boston Red Sox,0.49,ğŸ”¥ğŸ”¥ğŸ”¥,0.51,ğŸ”¥ğŸ”¥ğŸ”¥,-110
2025-04-05,Chicago White Sox,Detroit Tigers,0.5,ğŸ”¥ğŸ”¥ğŸ”¥,0.5,ğŸ”¥ğŸ”¥ğŸ”¥,-110
2025-04-05,Houston Astros,Minnesota Twins,0.3633333333333333,ğŸ”¥ğŸ”¥,0.6366666666666667,ğŸ”¥ğŸ”¥ğŸ”¥ğŸ”¥,105
2025-04-05,San Diego Padres,Chicago Cubs,0.4666666666666666,ğŸ”¥ğŸ”¥ğŸ”¥,0.5333333333333334,ğŸ”¥ğŸ”¥ğŸ”¥,-110
2025-04-05,Arizona Diamondbacks,Washington Nationals,0.7110000000000001,ğŸ”¥ğŸ”¥ğŸ”¥ğŸ”¥,0.2889999999999999,ğŸ”¥ğŸ”¥,-125
2025-04-05,Baltimore Orioles,Kansas City Royals,0.88,ğŸ”¥ğŸ”¥ğŸ”¥ğŸ”¥ğŸ”¥,0.12,ğŸ”¥,-140
2025-04-05,Seattle Mariners,San Francisco Giants,0.72,ğŸ”¥ğŸ”¥ğŸ”¥ğŸ”¥,0.28,ğŸ”¥ğŸ”¥,-125
2025-04-05,Cleveland Guardians,Los Angeles Angels,0.7933333333333334,ğŸ”¥ğŸ”¥ğŸ”¥ğŸ”¥,0.2066666666666665,ğŸ”¥ğŸ”¥,-125
2025-04-05,New York Yankees,Pittsburgh Pirates,0.55,ğŸ”¥ğŸ”¥ğŸ”¥,0.4499999999999999,ğŸ”¥ğŸ”¥ğŸ”¥,-110
2025-04-05,Los Angeles Dodgers,Philadelphia Phillies,0.92,ğŸ”¥ğŸ”¥ğŸ”¥ğŸ”¥ğŸ”¥,0.0799999999999999,ğŸ”¥,-140
2025-04-06,San Diego Padres,Chicago Cubs,0.4666666666666666,ğŸ”¥ğŸ”¥ğŸ”¥,0.5333333333333334,ğŸ”¥ğŸ”¥ğŸ”¥,-110
2025-04-06,Arizona Diamondbacks,Washington Nationals,0.7110000000000001,ğŸ”¥ğŸ”¥ğŸ”¥ğŸ”¥,0.2889999999999999,ğŸ”¥ğŸ”¥,-125
2025-04-06,Seattle Mariners,San Francisco Giants,0.72,ğŸ”¥ğŸ”¥ğŸ”¥ğŸ”¥,0.28,ğŸ”¥ğŸ”¥,-125
2025-04-06,Tampa Bay Rays,Texas Rangers,0.02,ğŸ”¥,0.98,ğŸ”¥ğŸ”¥ğŸ”¥ğŸ”¥ğŸ”¥,120
2025-04-06,Houston Astros,Minnesota Twins,0.3633333333333333,ğŸ”¥ğŸ”¥,0.6366666666666667,ğŸ”¥ğŸ”¥ğŸ”¥ğŸ”¥,105
2025-04-06,Miami Marlins,Atlanta Braves,0.25,ğŸ”¥ğŸ”¥,0.75,ğŸ”¥ğŸ”¥ğŸ”¥ğŸ”¥,105
2025-04-06,Toronto Blue Jays,New York Mets,0.03,ğŸ”¥,0.97,ğŸ”¥ğŸ”¥ğŸ”¥ğŸ”¥ğŸ”¥,120
2025-04-06,Cincinnati Reds,Milwaukee Brewers,0.09,ğŸ”¥,0.91,ğŸ”¥ğŸ”¥ğŸ”¥ğŸ”¥ğŸ”¥,120
2025-04-06,Athletics,Colorado Rockies,0.16,ğŸ”¥,0.84,ğŸ”¥ğŸ”¥ğŸ”¥ğŸ”¥ğŸ”¥,120
2025-04-06,Los Angeles Dodgers,Philadelphia Phillies,0.92,ğŸ”¥ğŸ”¥ğŸ”¥ğŸ”¥ğŸ”¥,0.0799999999999999,ğŸ”¥,-140
2025-04-06,St. Louis Cardinals,Boston Red Sox,0.49,ğŸ”¥ğŸ”¥ğŸ”¥,0.51,ğŸ”¥ğŸ”¥ğŸ”¥,-110
2025-04-06,New York Yankees,Pittsburgh Pirates,0.55,ğŸ”¥ğŸ”¥ğŸ”¥,0.4499999999999999,ğŸ”¥ğŸ”¥ğŸ”¥,-110
2025-04-06,Chicago White Sox,Detroit Tigers,0.5,ğŸ”¥ğŸ”¥ğŸ”¥,0.5,ğŸ”¥ğŸ”¥ğŸ”¥,-110
2025-04-06,Cleveland Guardians,Los Angeles Angels,0.7933333333333334,ğŸ”¥ğŸ”¥ğŸ”¥ğŸ”¥,0.2066666666666665,ğŸ”¥ğŸ”¥,-125
2025-04-06,Baltimore Orioles,Kansas City Royals,0.88,ğŸ”¥ğŸ”¥ğŸ”¥ğŸ”¥ğŸ”¥,0.12,ğŸ”¥,-140
2025-04-07,Toronto Blue Jays,Boston Red Sox,0.41,ğŸ”¥ğŸ”¥ğŸ”¥,0.5900000000000001,ğŸ”¥ğŸ”¥ğŸ”¥,-110
2025-04-07,Houston Astros,Seattle Mariners,0.47,ğŸ”¥ğŸ”¥ğŸ”¥,0.53,ğŸ”¥ğŸ”¥ğŸ”¥,-110
2025-04-07,Miami Marlins,New York Mets,0.06,ğŸ”¥,0.94,ğŸ”¥ğŸ”¥ğŸ”¥ğŸ”¥ğŸ”¥,120
2025-04-07,New York Yankees,Detroit Tigers,0.11,ğŸ”¥,0.89,ğŸ”¥ğŸ”¥ğŸ”¥ğŸ”¥ğŸ”¥,120
2025-04-07,Los Angeles Dodgers,Washington Nationals,0.84,ğŸ”¥ğŸ”¥ğŸ”¥ğŸ”¥ğŸ”¥,0.16,ğŸ”¥,-140
2025-04-07,Minnesota Twins,Kansas City Royals,0.2,ğŸ”¥ğŸ”¥,0.8,ğŸ”¥ğŸ”¥ğŸ”¥ğŸ”¥ğŸ”¥,105
2025-04-07,San Diego Padres,Athletics,0.45,ğŸ”¥ğŸ”¥ğŸ”¥,0.55,ğŸ”¥ğŸ”¥ğŸ”¥,-110
2025-04-07,St. Louis Cardinals,Pittsburgh Pirates,0.59,ğŸ”¥ğŸ”¥ğŸ”¥,0.41,ğŸ”¥ğŸ”¥ğŸ”¥,-110
2025-04-07,Texas Rangers,Chicago Cubs,0.5858333333333333,ğŸ”¥ğŸ”¥ğŸ”¥,0.4141666666666667,ğŸ”¥ğŸ”¥ğŸ”¥,-110
2025-04-07,Cincinnati Reds,San Francisco Giants,0.06,ğŸ”¥,0.94,ğŸ”¥ğŸ”¥ğŸ”¥ğŸ”¥ğŸ”¥,120
2025-04-07,Baltimore Orioles,Arizona Diamondbacks,0.99,ğŸ”¥ğŸ”¥ğŸ”¥ğŸ”¥ğŸ”¥,0.01,ğŸ”¥,-140
2025-04-08,Miami Marlins,New York Mets,0.06,ğŸ”¥,0.94,ğŸ”¥ğŸ”¥ğŸ”¥ğŸ”¥ğŸ”¥,120
2025-04-08,Los Angeles Angels,Tampa Bay Rays,0.68,ğŸ”¥ğŸ”¥ğŸ”¥ğŸ”¥,0.3199999999999999,ğŸ”¥ğŸ”¥,-125
2025-04-08,Baltimore Orioles,Arizona Diamondbacks,0.99,ğŸ”¥ğŸ”¥ğŸ”¥ğŸ”¥ğŸ”¥,0.01,ğŸ”¥,-140
2025-04-08,San Diego Padres,Athletics,0.45,ğŸ”¥ğŸ”¥ğŸ”¥,0.55,ğŸ”¥ğŸ”¥ğŸ”¥,-110
2025-04-08,Cincinnati Reds,San Francisco Giants,0.06,ğŸ”¥,0.94,ğŸ”¥ğŸ”¥ğŸ”¥ğŸ”¥ğŸ”¥,120
2025-04-08,New York Yankees,Detroit Tigers,0.11,ğŸ”¥,0.89,ğŸ”¥ğŸ”¥ğŸ”¥ğŸ”¥ğŸ”¥,120
2025-04-08,Toronto Blue Jays,Boston Red Sox,0.41,ğŸ”¥ğŸ”¥ğŸ”¥,0.5900000000000001,ğŸ”¥ğŸ”¥ğŸ”¥,-110
2025-04-08,St. Louis Cardinals,Pittsburgh Pirates,0.59,ğŸ”¥ğŸ”¥ğŸ”¥,0.41,ğŸ”¥ğŸ”¥ğŸ”¥,-110
2025-04-08,Texas Rangers,Chicago Cubs,0.5858333333333333,ğŸ”¥ğŸ”¥ğŸ”¥,0.4141666666666667,ğŸ”¥ğŸ”¥ğŸ”¥,-110
2025-04-08,Chicago White Sox,Cleveland Guardians,0.76,ğŸ”¥ğŸ”¥ğŸ”¥ğŸ”¥,0.24,ğŸ”¥ğŸ”¥,-125
2025-04-08,Minnesota Twins,Kansas City Royals,0.2,ğŸ”¥ğŸ”¥,0.8,ğŸ”¥ğŸ”¥ğŸ”¥ğŸ”¥ğŸ”¥,105
2025-04-08,Philadelphia Phillies,Atlanta Braves,0.5,ğŸ”¥ğŸ”¥ğŸ”¥,0.5,ğŸ”¥ğŸ”¥ğŸ”¥,-110
2025-04-08,Los Angeles Dodgers,Washington Nationals,0.84,ğŸ”¥ğŸ”¥ğŸ”¥ğŸ”¥ğŸ”¥,0.16,ğŸ”¥,-140
2025-04-08,Milwaukee Brewers,Colorado Rockies,0.51,ğŸ”¥ğŸ”¥ğŸ”¥,0.49,ğŸ”¥ğŸ”¥ğŸ”¥,-110
2025-04-08,Houston Astros,Seattle Mariners,0.47,ğŸ”¥ğŸ”¥ğŸ”¥,0.53,ğŸ”¥ğŸ”¥ğŸ”¥,-110
2025-04-09,New York Yankees,Detroit Tigers,0.11,ğŸ”¥,0.89,ğŸ”¥ğŸ”¥ğŸ”¥ğŸ”¥ğŸ”¥,120
2025-04-09,Chicago White Sox,Cleveland Guardians,0.76,ğŸ”¥ğŸ”¥ğŸ”¥ğŸ”¥,0.24,ğŸ”¥ğŸ”¥,-125
2025-04-09,Minnesota Twins,Kansas City Royals,0.2,ğŸ”¥ğŸ”¥,0.8,ğŸ”¥ğŸ”¥ğŸ”¥ğŸ”¥ğŸ”¥,105
2025-04-09,Los Angeles Dodgers,Washington Nationals,0.84,ğŸ”¥ğŸ”¥ğŸ”¥ğŸ”¥ğŸ”¥,0.16,ğŸ”¥,-140
2025-04-09,Toronto Blue Jays,Boston Red Sox,0.41,ğŸ”¥ğŸ”¥ğŸ”¥,0.5900000000000001,ğŸ”¥ğŸ”¥ğŸ”¥,-110
2025-04-09,Miami Marlins,New York Mets,0.06,ğŸ”¥,0.94,ğŸ”¥ğŸ”¥ğŸ”¥ğŸ”¥ğŸ”¥,120
2025-04-09,Los Angeles Angels,Tampa Bay Rays,0.68,ğŸ”¥ğŸ”¥ğŸ”¥ğŸ”¥,0.3199999999999999,ğŸ”¥ğŸ”¥,-125
2025-04-09,Milwaukee Brewers,Colorado Rockies,0.51,ğŸ”¥ğŸ”¥ğŸ”¥,0.49,ğŸ”¥ğŸ”¥ğŸ”¥,-110
2025-04-09,Texas Rangers,Chicago Cubs,0.5858333333333333,ğŸ”¥ğŸ”¥ğŸ”¥,0.4141666666666667,ğŸ”¥ğŸ”¥ğŸ”¥,-110
2025-04-09,San Diego Padres,Athletics,0.45,ğŸ”¥ğŸ”¥ğŸ”¥,0.55,ğŸ”¥ğŸ”¥ğŸ”¥,-110
2025-04-09,Baltimore Orioles,Arizona Diamondbacks,0.99,ğŸ”¥ğŸ”¥ğŸ”¥ğŸ”¥ğŸ”¥,0.01,ğŸ”¥,-140
2025-04-09,St. Louis Cardinals,Pittsburgh Pirates,0.59,ğŸ”¥ğŸ”¥ğŸ”¥,0.41,ğŸ”¥ğŸ”¥ğŸ”¥,-110
2025-04-09,Cincinnati Reds,San Francisco Giants,0.06,ğŸ”¥,0.94,ğŸ”¥ğŸ”¥ğŸ”¥ğŸ”¥ğŸ”¥,120
2025-04-09,Philadelphia Phillies,Atlanta Braves,0.5,ğŸ”¥ğŸ”¥ğŸ”¥,0.5,ğŸ”¥ğŸ”¥ğŸ”¥,-110
2025-04-09,Houston Astros,Seattle Mariners,0.47,ğŸ”¥ğŸ”¥ğŸ”¥,0.53,ğŸ”¥ğŸ”¥ğŸ”¥,-110
2025-04-10,Los Angeles Angels,Tampa Bay Rays,0.68,ğŸ”¥ğŸ”¥ğŸ”¥ğŸ”¥,0.3199999999999999,ğŸ”¥ğŸ”¥,-125
2025-04-10,Minnesota Twins,Kansas City Royals,0.2,ğŸ”¥ğŸ”¥,0.8,ğŸ”¥ğŸ”¥ğŸ”¥ğŸ”¥ğŸ”¥,105
2025-04-10,Chicago White Sox,Cleveland Guardians,0.76,ğŸ”¥ğŸ”¥ğŸ”¥ğŸ”¥,0.24,ğŸ”¥ğŸ”¥,-125
2025-04-10,Milwaukee Brewers,Colorado Rockies,0.51,ğŸ”¥ğŸ”¥ğŸ”¥,0.49,ğŸ”¥ğŸ”¥ğŸ”¥,-110
2025-04-10,Toronto Blue Jays,Boston Red Sox,0.41,ğŸ”¥ğŸ”¥ğŸ”¥,0.5900000000000001,ğŸ”¥ğŸ”¥ğŸ”¥,-110
2025-04-10,Philadelphia Phillies,Atlanta Braves,0.5,ğŸ”¥ğŸ”¥ğŸ”¥,0.5,ğŸ”¥ğŸ”¥ğŸ”¥,-110
2025-04-11,Detroit Tigers,Minnesota Twins,0.45,ğŸ”¥ğŸ”¥ğŸ”¥,0.55,ğŸ”¥ğŸ”¥ğŸ”¥,-110
2025-04-11,Pittsburgh Pirates,Cincinnati Reds,0.43,ğŸ”¥ğŸ”¥ğŸ”¥,0.5700000000000001,ğŸ”¥ğŸ”¥ğŸ”¥,-110
2025-04-11,Los Angeles Angels,Houston Astros,0.31,ğŸ”¥ğŸ”¥,0.69,ğŸ”¥ğŸ”¥ğŸ”¥ğŸ”¥,105
2025-04-11,Atlanta Braves,Tampa Bay Rays,0.99,ğŸ”¥ğŸ”¥ğŸ”¥ğŸ”¥ğŸ”¥,0.01,ğŸ”¥,-140
2025-04-11,San Francisco Giants,New York Yankees,0.76,ğŸ”¥ğŸ”¥ğŸ”¥ğŸ”¥,0.24,ğŸ”¥ğŸ”¥,-125
2025-04-11,Toronto Blue Jays,Baltimore Orioles,0.57,ğŸ”¥ğŸ”¥ğŸ”¥,0.43,ğŸ”¥ğŸ”¥ğŸ”¥,-110
2025-04-11,Chicago Cubs,Los Angeles Dodgers,0.33,ğŸ”¥ğŸ”¥,0.6699999999999999,ğŸ”¥ğŸ”¥ğŸ”¥ğŸ”¥,105
2025-04-11,Texas Rangers,Seattle Mariners,0.58,ğŸ”¥ğŸ”¥ğŸ”¥,0.42,ğŸ”¥ğŸ”¥ğŸ”¥,-110
2025-04-11,Colorado Rockies,San Diego Padres,0.09,ğŸ”¥,0.91,ğŸ”¥ğŸ”¥ğŸ”¥ğŸ”¥ğŸ”¥,120
2025-04-11,Milwaukee Brewers,Arizona Diamondbacks,0.78,ğŸ”¥ğŸ”¥ğŸ”¥ğŸ”¥,0.2199999999999999,ğŸ”¥ğŸ”¥,-125
2025-04-11,New York Mets,Athletics,0.34,ğŸ”¥ğŸ”¥,0.6599999999999999,ğŸ”¥ğŸ”¥ğŸ”¥ğŸ”¥,105
2025-04-11,Kansas City Royals,Cleveland Guardians,0.07,ğŸ”¥,0.93,ğŸ”¥ğŸ”¥ğŸ”¥ğŸ”¥ğŸ”¥,120
2025-04-11,Boston Red Sox,Chicago White Sox,0.08,ğŸ”¥,0.92,ğŸ”¥ğŸ”¥ğŸ”¥ğŸ”¥ğŸ”¥,120
2025-04-11,Washington Nationals,Miami Marlins,0.18,ğŸ”¥,0.8200000000000001,ğŸ”¥ğŸ”¥ğŸ”¥ğŸ”¥ğŸ”¥,120
2025-04-11,Philadelphia Phillies,St. Louis Cardinals,0.66,ğŸ”¥ğŸ”¥ğŸ”¥ğŸ”¥,0.3399999999999999,ğŸ”¥ğŸ”¥,-125
2025-04-12,Colorado Rockies,San Diego Padres,0.09,ğŸ”¥,0.91,ğŸ”¥ğŸ”¥ğŸ”¥ğŸ”¥ğŸ”¥,120
2025-04-12,Texas Rangers,Seattle Mariners,0.58,ğŸ”¥ğŸ”¥ğŸ”¥,0.42,ğŸ”¥ğŸ”¥ğŸ”¥,-110
2025-04-12,Kansas City Royals,Cleveland Guardians,0.07,ğŸ”¥,0.93,ğŸ”¥ğŸ”¥ğŸ”¥ğŸ”¥ğŸ”¥,120
2025-04-12,San Francisco Giants,New York Yankees,0.76,ğŸ”¥ğŸ”¥ğŸ”¥ğŸ”¥,0.24,ğŸ”¥ğŸ”¥,-125
2025-04-12,Toronto Blue Jays,Baltimore Orioles,0.57,ğŸ”¥ğŸ”¥ğŸ”¥,0.43,ğŸ”¥ğŸ”¥ğŸ”¥,-110
2025-04-12,Boston Red Sox,Chicago White Sox,0.08,ğŸ”¥,0.92,ğŸ”¥ğŸ”¥ğŸ”¥ğŸ”¥ğŸ”¥,120
2025-04-12,Atlanta Braves,Tampa Bay Rays,0.99,ğŸ”¥ğŸ”¥ğŸ”¥ğŸ”¥ğŸ”¥,0.01,ğŸ”¥,-140
2025-04-12,Milwaukee Brewers,Arizona Diamondbacks,0.78,ğŸ”¥ğŸ”¥ğŸ”¥ğŸ”¥,0.2199999999999999,ğŸ”¥ğŸ”¥,-125
2025-04-12,Washington Nationals,Miami Marlins,0.18,ğŸ”¥,0.8200000000000001,ğŸ”¥ğŸ”¥ğŸ”¥ğŸ”¥ğŸ”¥,120
2025-04-12,Los Angeles Angels,Houston Astros,0.31,ğŸ”¥ğŸ”¥,0.69,ğŸ”¥ğŸ”¥ğŸ”¥ğŸ”¥,105
2025-04-12,Pittsburgh Pirates,Cincinnati Reds,0.43,ğŸ”¥ğŸ”¥ğŸ”¥,0.5700000000000001,ğŸ”¥ğŸ”¥ğŸ”¥,-110
2025-04-12,New York Mets,Athletics,0.34,ğŸ”¥ğŸ”¥,0.6599999999999999,ğŸ”¥ğŸ”¥ğŸ”¥ğŸ”¥,105
2025-04-12,Detroit Tigers,Minnesota Twins,0.45,ğŸ”¥ğŸ”¥ğŸ”¥,0.55,ğŸ”¥ğŸ”¥ğŸ”¥,-110
2025-04-12,Chicago Cubs,Los Angeles Dodgers,0.33,ğŸ”¥ğŸ”¥,0.6699999999999999,ğŸ”¥ğŸ”¥ğŸ”¥ğŸ”¥,105
2025-04-12,Philadelphia Phillies,St. Louis Cardinals,0.66,ğŸ”¥ğŸ”¥ğŸ”¥ğŸ”¥,0.3399999999999999,ğŸ”¥ğŸ”¥,-125
2025-04-13,Colorado Rockies,San Diego Padres,0.09,ğŸ”¥,0.91,ğŸ”¥ğŸ”¥ğŸ”¥ğŸ”¥ğŸ”¥,120
2025-04-13,New York Mets,Athletics,0.34,ğŸ”¥ğŸ”¥,0.6599999999999999,ğŸ”¥ğŸ”¥ğŸ”¥ğŸ”¥,105
2025-04-13,Texas Rangers,Seattle Mariners,0.58,ğŸ”¥ğŸ”¥ğŸ”¥,0.42,ğŸ”¥ğŸ”¥ğŸ”¥,-110
2025-04-13,Kansas City Royals,Cleveland Guardians,0.07,ğŸ”¥,0.93,ğŸ”¥ğŸ”¥ğŸ”¥ğŸ”¥ğŸ”¥,120
2025-04-13,Boston Red Sox,Chicago White Sox,0.08,ğŸ”¥,0.92,ğŸ”¥ğŸ”¥ğŸ”¥ğŸ”¥ğŸ”¥,120
2025-04-13,Pittsburgh Pirates,Cincinnati Reds,0.43,ğŸ”¥ğŸ”¥ğŸ”¥,0.5700000000000001,ğŸ”¥ğŸ”¥ğŸ”¥,-110
2025-04-13,Washington Nationals,Miami Marlins,0.18,ğŸ”¥,0.8200000000000001,ğŸ”¥ğŸ”¥ğŸ”¥ğŸ”¥ğŸ”¥,120
2025-04-13,San Francisco Giants,New York Yankees,0.76,ğŸ”¥ğŸ”¥ğŸ”¥ğŸ”¥,0.24,ğŸ”¥ğŸ”¥,-125
2025-04-13,Milwaukee Brewers,Arizona Diamondbacks,0.78,ğŸ”¥ğŸ”¥ğŸ”¥ğŸ”¥,0.2199999999999999,ğŸ”¥ğŸ”¥,-125
2025-04-13,Philadelphia Phillies,St. Louis Cardinals,0.66,ğŸ”¥ğŸ”¥ğŸ”¥ğŸ”¥,0.3399999999999999,ğŸ”¥ğŸ”¥,-125
2025-04-13,Atlanta Braves,Tampa Bay Rays,0.99,ğŸ”¥ğŸ”¥ğŸ”¥ğŸ”¥ğŸ”¥,0.01,ğŸ”¥,-140
2025-04-13,Detroit Tigers,Minnesota Twins,0.45,ğŸ”¥ğŸ”¥ğŸ”¥,0.55,ğŸ”¥ğŸ”¥ğŸ”¥,-110
2025-04-13,Toronto Blue Jays,Baltimore Orioles,0.57,ğŸ”¥ğŸ”¥ğŸ”¥,0.43,ğŸ”¥ğŸ”¥ğŸ”¥,-110
2025-04-13,Los Angeles Angels,Houston Astros,0.31,ğŸ”¥ğŸ”¥,0.69,ğŸ”¥ğŸ”¥ğŸ”¥ğŸ”¥,105
2025-04-13,Chicago Cubs,Los Angeles Dodgers,0.33,ğŸ”¥ğŸ”¥,0.6699999999999999,ğŸ”¥ğŸ”¥ğŸ”¥ğŸ”¥,105
2025-04-14,Kansas City Royals,New York Yankees,0.54,ğŸ”¥ğŸ”¥ğŸ”¥,0.4599999999999999,ğŸ”¥ğŸ”¥ğŸ”¥,-110
2025-04-14,Chicago Cubs,San Diego Padres,0.1,ğŸ”¥,0.9,ğŸ”¥ğŸ”¥ğŸ”¥ğŸ”¥ğŸ”¥,120
2025-04-14,New York Mets,Minnesota Twins,0.33,ğŸ”¥ğŸ”¥,0.6699999999999999,ğŸ”¥ğŸ”¥ğŸ”¥ğŸ”¥,105
2025-04-14,Washington Nationals,Pittsburgh Pirates,0.66,ğŸ”¥ğŸ”¥ğŸ”¥ğŸ”¥,0.3399999999999999,ğŸ”¥ğŸ”¥,-125
2025-04-14,Colorado Rockies,Los Angeles Dodgers,0.39,ğŸ”¥ğŸ”¥,0.61,ğŸ”¥ğŸ”¥ğŸ”¥ğŸ”¥,105
2025-04-14,Houston Astros,St. Louis Cardinals,0.73,ğŸ”¥ğŸ”¥ğŸ”¥ğŸ”¥,0.27,ğŸ”¥ğŸ”¥,-125
2025-04-14,Detroit Tigers,Milwaukee Brewers,0.38,ğŸ”¥ğŸ”¥,0.62,ğŸ”¥ğŸ”¥ğŸ”¥ğŸ”¥,105
2025-04-14,Boston Red Sox,Tampa Bay Rays,0.44,ğŸ”¥ğŸ”¥ğŸ”¥,0.56,ğŸ”¥ğŸ”¥ğŸ”¥,-110
2025-04-14,San Francisco Giants,Philadelphia Phillies,0.6625,ğŸ”¥ğŸ”¥ğŸ”¥ğŸ”¥,0.3375,ğŸ”¥ğŸ”¥,-125
2025-04-14,Atlanta Braves,Toronto Blue Jays,0.98,ğŸ”¥ğŸ”¥ğŸ”¥ğŸ”¥ğŸ”¥,0.02,ğŸ”¥,-140
2025-04-15,Boston Red Sox,Tampa Bay Rays,0.44,ğŸ”¥ğŸ”¥ğŸ”¥,0.56,ğŸ”¥ğŸ”¥ğŸ”¥,-110
2025-04-15,Washington Nationals,Pittsburgh Pirates,0.66,ğŸ”¥ğŸ”¥ğŸ”¥ğŸ”¥,0.3399999999999999,ğŸ”¥ğŸ”¥,-125
2025-04-15,Seattle Mariners,Cincinnati Reds,1.0,ğŸ”¥ğŸ”¥ğŸ”¥ğŸ”¥ğŸ”¥,0.0,ğŸ”¥,-140
2025-04-15,Colorado Rockies,Los Angeles Dodgers,0.39,ğŸ”¥ğŸ”¥,0.61,ğŸ”¥ğŸ”¥ğŸ”¥ğŸ”¥,105
2025-04-15,San Francisco Giants,Philadelphia Phillies,0.6625,ğŸ”¥ğŸ”¥ğŸ”¥ğŸ”¥,0.3375,ğŸ”¥ğŸ”¥,-125
2025-04-15,Atlanta Braves,Toronto Blue Jays,0.98,ğŸ”¥ğŸ”¥ğŸ”¥ğŸ”¥ğŸ”¥,0.02,ğŸ”¥,-140
2025-04-15,Kansas City Royals,New York Yankees,0.54,ğŸ”¥ğŸ”¥ğŸ”¥,0.4599999999999999,ğŸ”¥ğŸ”¥ğŸ”¥,-110
2025-04-15,Chicago Cubs,San Diego Padres,0.1,ğŸ”¥,0.9,ğŸ”¥ğŸ”¥ğŸ”¥ğŸ”¥ğŸ”¥,120
2025-04-15,Los Angeles Angels,Texas Rangers,0.26,ğŸ”¥ğŸ”¥,0.74,ğŸ”¥ğŸ”¥ğŸ”¥ğŸ”¥,105
2025-04-15,Arizona Diamondbacks,Miami Marlins,0.62,ğŸ”¥ğŸ”¥ğŸ”¥ğŸ”¥,0.38,ğŸ”¥ğŸ”¥,-125
2025-04-15,Athletics,Chicago White Sox,0.22,ğŸ”¥ğŸ”¥,0.78,ğŸ”¥ğŸ”¥ğŸ”¥ğŸ”¥,105
2025-04-15,Houston Astros,St. Louis Cardinals,0.73,ğŸ”¥ğŸ”¥ğŸ”¥ğŸ”¥,0.27,ğŸ”¥ğŸ”¥,-125
2025-04-15,Cleveland Guardians,Baltimore Orioles,0.4716666666666666,ğŸ”¥ğŸ”¥ğŸ”¥,0.5283333333333333,ğŸ”¥ğŸ”¥ğŸ”¥,-110
2025-04-15,New York Mets,Minnesota Twins,0.33,ğŸ”¥ğŸ”¥,0.6699999999999999,ğŸ”¥ğŸ”¥ğŸ”¥ğŸ”¥,105
2025-04-15,Detroit Tigers,Milwaukee Brewers,0.38,ğŸ”¥ğŸ”¥,0.62,ğŸ”¥ğŸ”¥ğŸ”¥ğŸ”¥,105
2025-04-16,Seattle Mariners,Cincinnati Reds,1.0,ğŸ”¥ğŸ”¥ğŸ”¥ğŸ”¥ğŸ”¥,0.0,ğŸ”¥,-140
2025-04-16,Chicago Cubs,San Diego Padres,0.1,ğŸ”¥,0.9,ğŸ”¥ğŸ”¥ğŸ”¥ğŸ”¥ğŸ”¥,120
2025-04-16,Atlanta Braves,Toronto Blue Jays,0.98,ğŸ”¥ğŸ”¥ğŸ”¥ğŸ”¥ğŸ”¥,0.02,ğŸ”¥,-140
2025-04-16,Kansas City Royals,New York Yankees,0.54,ğŸ”¥ğŸ”¥ğŸ”¥,0.4599999999999999,ğŸ”¥ğŸ”¥ğŸ”¥,-110
2025-04-16,Colorado Rockies,Los Angeles Dodgers,0.39,ğŸ”¥ğŸ”¥,0.61,ğŸ”¥ğŸ”¥ğŸ”¥ğŸ”¥,105
2025-04-16,Boston Red Sox,Tampa Bay Rays,0.44,ğŸ”¥ğŸ”¥ğŸ”¥,0.56,ğŸ”¥ğŸ”¥ğŸ”¥,-110
2025-04-16,Washington Nationals,Pittsburgh Pirates,0.66,ğŸ”¥ğŸ”¥ğŸ”¥ğŸ”¥,0.3399999999999999,ğŸ”¥ğŸ”¥,-125
2025-04-16,Detroit Tigers,Milwaukee Brewers,0.38,ğŸ”¥ğŸ”¥,0.62,ğŸ”¥ğŸ”¥ğŸ”¥ğŸ”¥,105
2025-04-16,San Francisco Giants,Philadelphia Phillies,0.6625,ğŸ”¥ğŸ”¥ğŸ”¥ğŸ”¥,0.3375,ğŸ”¥ğŸ”¥,-125
2025-04-16,New York Mets,Minnesota Twins,0.33,ğŸ”¥ğŸ”¥,0.6699999999999999,ğŸ”¥ğŸ”¥ğŸ”¥ğŸ”¥,105
2025-04-16,Arizona Diamondbacks,Miami Marlins,0.62,ğŸ”¥ğŸ”¥ğŸ”¥ğŸ”¥,0.38,ğŸ”¥ğŸ”¥,-125
2025-04-16,Houston Astros,St. Louis Cardinals,0.73,ğŸ”¥ğŸ”¥ğŸ”¥ğŸ”¥,0.27,ğŸ”¥ğŸ”¥,-125
2025-04-16,Los Angeles Angels,Texas Rangers,0.26,ğŸ”¥ğŸ”¥,0.74,ğŸ”¥ğŸ”¥ğŸ”¥ğŸ”¥,105
2025-04-16,Cleveland Guardians,Baltimore Orioles,0.4716666666666666,ğŸ”¥ğŸ”¥ğŸ”¥,0.5283333333333333,ğŸ”¥ğŸ”¥ğŸ”¥,-110
2025-04-16,Athletics,Chicago White Sox,0.22,ğŸ”¥ğŸ”¥,0.78,ğŸ”¥ğŸ”¥ğŸ”¥ğŸ”¥,105
2025-04-17,Kansas City Royals,Detroit Tigers,0.12,ğŸ”¥,0.88,ğŸ”¥ğŸ”¥ğŸ”¥ğŸ”¥ğŸ”¥,120
2025-04-17,Cleveland Guardians,Baltimore Orioles,0.4716666666666666,ğŸ”¥ğŸ”¥ğŸ”¥,0.5283333333333333,ğŸ”¥ğŸ”¥ğŸ”¥,-110
2025-04-17,Athletics,Chicago White Sox,0.22,ğŸ”¥ğŸ”¥,0.78,ğŸ”¥ğŸ”¥ğŸ”¥ğŸ”¥,105
2025-04-17,Los Angeles Angels,Texas Rangers,0.26,ğŸ”¥ğŸ”¥,0.74,ğŸ”¥ğŸ”¥ğŸ”¥ğŸ”¥,105
2025-04-17,New York Yankees,Tampa Bay Rays,0.43,ğŸ”¥ğŸ”¥ğŸ”¥,0.5700000000000001,ğŸ”¥ğŸ”¥ğŸ”¥,-110
2025-04-17,Seattle Mariners,Cincinnati Reds,1.0,ğŸ”¥ğŸ”¥ğŸ”¥ğŸ”¥ğŸ”¥,0.0,ğŸ”¥,-140
2025-04-17,Arizona Diamondbacks,Miami Marlins,0.62,ğŸ”¥ğŸ”¥ğŸ”¥ğŸ”¥,0.38,ğŸ”¥ğŸ”¥,-125
2025-04-17,Washington Nationals,Pittsburgh Pirates,0.66,ğŸ”¥ğŸ”¥ğŸ”¥ğŸ”¥,0.3399999999999999,ğŸ”¥ğŸ”¥,-125
2025-04-17,San Francisco Giants,Philadelphia Phillies,0.6625,ğŸ”¥ğŸ”¥ğŸ”¥ğŸ”¥,0.3375,ğŸ”¥ğŸ”¥,-125
2025-04-17,St. Louis Cardinals,New York Mets,0.0,ğŸ”¥,1.0,ğŸ”¥ğŸ”¥ğŸ”¥ğŸ”¥ğŸ”¥,120
2025-04-18,Arizona Diamondbacks,Chicago Cubs,0.6283333333333333,ğŸ”¥ğŸ”¥ğŸ”¥ğŸ”¥,0.3716666666666667,ğŸ”¥ğŸ”¥,-125
2025-04-18,Seattle Mariners,Toronto Blue Jays,1.0,ğŸ”¥ğŸ”¥ğŸ”¥ğŸ”¥ğŸ”¥,0.0,ğŸ”¥,-140
2025-04-18,Cincinnati Reds,Baltimore Orioles,0.46,ğŸ”¥ğŸ”¥ğŸ”¥,0.54,ğŸ”¥ğŸ”¥ğŸ”¥,-110
2025-04-18,St. Louis Cardinals,New York Mets,0.0,ğŸ”¥,1.0,ğŸ”¥ğŸ”¥ğŸ”¥ğŸ”¥ğŸ”¥,120
2025-04-18,Cleveland Guardians,Pittsburgh Pirates,0.5,ğŸ”¥ğŸ”¥ğŸ”¥,0.5,ğŸ”¥ğŸ”¥ğŸ”¥,-110
2025-04-18,Washington Nationals,Colorado Rockies,0.0,ğŸ”¥,1.0,ğŸ”¥ğŸ”¥ğŸ”¥ğŸ”¥ğŸ”¥,120
2025-04-18,New York Yankees,Tampa Bay Rays,0.43,ğŸ”¥ğŸ”¥ğŸ”¥,0.5700000000000001,ğŸ”¥ğŸ”¥ğŸ”¥,-110
2025-04-18,Los Angeles Dodgers,Texas Rangers,0.85,ğŸ”¥ğŸ”¥ğŸ”¥ğŸ”¥ğŸ”¥,0.15,ğŸ”¥,-140
2025-04-18,Kansas City Royals,Detroit Tigers,0.12,ğŸ”¥,0.88,ğŸ”¥ğŸ”¥ğŸ”¥ğŸ”¥ğŸ”¥,120
2025-04-18,Miami Marlins,Philadelphia Phillies,0.4225,ğŸ”¥ğŸ”¥ğŸ”¥,0.5775,ğŸ”¥ğŸ”¥ğŸ”¥,-110
2025-04-18,Chicago White Sox,Boston Red Sox,0.33,ğŸ”¥ğŸ”¥,0.6699999999999999,ğŸ”¥ğŸ”¥ğŸ”¥ğŸ”¥,105
2025-04-18,Minnesota Twins,Atlanta Braves,0.23,ğŸ”¥ğŸ”¥,0.77,ğŸ”¥ğŸ”¥ğŸ”¥ğŸ”¥,105
2025-04-18,Athletics,Milwaukee Brewers,0.14,ğŸ”¥,0.86,ğŸ”¥ğŸ”¥ğŸ”¥ğŸ”¥ğŸ”¥,120
2025-04-18,San Diego Padres,Houston Astros,0.69,ğŸ”¥ğŸ”¥ğŸ”¥ğŸ”¥,0.31,ğŸ”¥ğŸ”¥,-125
2025-04-18,San Francisco Giants,Los Angeles Angels,0.73,ğŸ”¥ğŸ”¥ğŸ”¥ğŸ”¥,0.27,ğŸ”¥ğŸ”¥,-125
2025-04-19,Minnesota Twins,Atlanta Braves,0.23,ğŸ”¥ğŸ”¥,0.77,ğŸ”¥ğŸ”¥ğŸ”¥ğŸ”¥,105
2025-04-19,Washington Nationals,Colorado Rockies,0.0,ğŸ”¥,1.0,ğŸ”¥ğŸ”¥ğŸ”¥ğŸ”¥ğŸ”¥,120
2025-04-19,San Francisco Giants,Los Angeles Angels,0.73,ğŸ”¥ğŸ”¥ğŸ”¥ğŸ”¥,0.27,ğŸ”¥ğŸ”¥,-125
2025-04-19,Kansas City Royals,Detroit Tigers,0.12,ğŸ”¥,0.88,ğŸ”¥ğŸ”¥ğŸ”¥ğŸ”¥ğŸ”¥,120
2025-04-19,Cleveland Guardians,Pittsburgh Pirates,0.5,ğŸ”¥ğŸ”¥ğŸ”¥,0.5,ğŸ”¥ğŸ”¥ğŸ”¥,-110
2025-04-19,Miami Marlins,Philadelphia Phillies,0.4225,ğŸ”¥ğŸ”¥ğŸ”¥,0.5775,ğŸ”¥ğŸ”¥ğŸ”¥,-110
2025-04-19,New York Yankees,Tampa Bay Rays,0.43,ğŸ”¥ğŸ”¥ğŸ”¥,0.5700000000000001,ğŸ”¥ğŸ”¥ğŸ”¥,-110
2025-04-19,San Diego Padres,Houston Astros,0.69,ğŸ”¥ğŸ”¥ğŸ”¥ğŸ”¥,0.31,ğŸ”¥ğŸ”¥,-125
2025-04-19,Chicago White Sox,Boston Red Sox,0.33,ğŸ”¥ğŸ”¥,0.6699999999999999,ğŸ”¥ğŸ”¥ğŸ”¥ğŸ”¥,105
2025-04-19,Cincinnati Reds,Baltimore Orioles,0.46,ğŸ”¥ğŸ”¥ğŸ”¥,0.54,ğŸ”¥ğŸ”¥ğŸ”¥,-110
2025-04-19,Los Angeles Dodgers,Texas Rangers,0.85,ğŸ”¥ğŸ”¥ğŸ”¥ğŸ”¥ğŸ”¥,0.15,ğŸ”¥,-140
2025-04-19,Arizona Diamondbacks,Chicago Cubs,0.6283333333333333,ğŸ”¥ğŸ”¥ğŸ”¥ğŸ”¥,0.3716666666666667,ğŸ”¥ğŸ”¥,-125
2025-04-19,Seattle Mariners,Toronto Blue Jays,1.0,ğŸ”¥ğŸ”¥ğŸ”¥ğŸ”¥ğŸ”¥,0.0,ğŸ”¥,-140
2025-04-19,St. Louis Cardinals,New York Mets,0.0,ğŸ”¥,1.0,ğŸ”¥ğŸ”¥ğŸ”¥ğŸ”¥ğŸ”¥,120
